,locality,Postcode,Median 2013,Median 2014,Median 2015,Median 2016,Median 2017,Median 2018,Median 2019,Median 2020,Median 2021,Median 2022
0,Abbotsford,3067,792500.0,862500.0,925000.0,1187500.0,1280000.0,1192500.0,1050000.0,1200000.0,1375000.0,1517500.0
1,Aberfeldie,3040,947500.0,1045000.0,1207500.0,1300000.0,1471000.0,1498500.0,1390000.0,1520000.0,1880500.0,1575000.0
2,Aintree,3336,,,600000.0,600000.0,571000.0,557500.0,575000.0,640000.0,719000.0,760000.0
3,Aireys Inlet,3231,664000.0,625500.0,680000.0,715000.0,737500.0,869000.0,985000.0,1132500.0,1775000.0,1750000.0
4,Airport West,3042,532000.0,575000.0,635000.0,742000.0,845000.0,845000.0,795000.0,812500.0,960000.0,919500.0
5,Albanvale,3021,313000.0,328000.0,345000.0,439000.0,526500.0,546000.0,512000.0,545000.0,610000.0,605000.0
6,Albert Park,3206,1360000.0,1503000.0,1700000.0,1775000.0,2150000.0,2070000.0,1990000.0,1895000.0,2300000.0,2076000.0
7,Albion,3020,379000.0,432000.0,481000.0,593000.0,730000.0,755000.0,675000.0,727500.0,830000.0,785000.0
8,Alexandra,3714,261000.0,247500.0,285000.0,275000.0,291500.0,335000.0,325000.0,380000.0,440000.0,545000.0
9,Alfredton,3350,361500.0,362000.0,340500.0,375000.0,412500.0,439000.0,480000.0,512000.0,605000.0,700000.0
10,Allansford,3277,310000.0,242500.0,259000.0,275000.0,280000.0,245000.0,300000.0,371000.0,441500.0,629000.0
11,Alphington,3078,1080000.0,1029000.0,1296500.0,1272500.0,1560000.0,1612500.0,1460000.0,1865000.0,2290000.0,1990000.0
12,Altona,3018,575000.0,646500.0,718000.0,829000.0,950000.0,932500.0,890000.0,917000.0,1160000.0,1018000.0
13,Altona East,3025,561000.0,603000.0,650000.0,795000.0,885000.0,902000.0,855000.0,870000.0,1015000.0,1095000.0
14,Altona Meadows,3028,390000.0,413000.0,440000.0,495000.0,625000.0,631500.0,617500.0,640000.0,720000.0,750000.0
15,Altona North,3025,510000.0,555000.0,645000.0,726000.0,828000.0,830000.0,780000.0,830000.0,960000.0,920000.0
16,Anglesea,3230,550000.0,612500.0,635000.0,652500.0,788000.0,870000.0,915000.0,1100000.0,1440000.0,1712500.0
17,Apollo Bay,3233,450000.0,457500.0,435000.0,480000.0,545000.0,555000.0,600000.0,710000.0,914500.0,1160000.0
18,Ararat,3377,180000.0,200000.0,210000.0,204500.0,199000.0,199000.0,215000.0,244000.0,313000.0,340000.0
19,Ardeer,3022,330000.0,360000.0,381500.0,517500.0,595000.0,629000.0,572000.0,615000.0,719000.0,737500.0
20,Armadale,3143,1675000.0,1750000.0,2172500.0,2364000.0,2300000.0,2341500.0,2490000.0,2575000.0,2585000.0,2721000.0
21,Armstrong Creek,3217,467500.0,441500.0,440000.0,450000.0,471000.0,535000.0,529500.0,547000.0,660000.0,721000.0
22,Ascot (Greater Bendigo),Unknown,349500.0,344500.0,349000.0,370000.0,358000.0,380000.0,415500.0,470000.0,562500.0,555000.0
23,Ascot Vale,3032,735000.0,810000.0,885000.0,1010000.0,1185000.0,1197500.0,1098500.0,1270000.0,1315000.0,1270000.0
24,Ashburton,3147,1000000.0,1200000.0,1435000.0,1567500.0,1812500.0,1712500.0,1641500.0,1600000.0,2000000.0,2225000.0
25,Ashwood,3147,775000.0,888000.0,1140000.0,1230000.0,1359000.0,1210000.0,1100000.0,1250500.0,1442500.0,1410000.0
26,Aspendale,3195,620000.0,690000.0,795500.0,891000.0,1125000.0,980000.0,988000.0,1120000.0,1300000.0,1350000.0
27,Aspendale Gardens,3195,586500.0,632000.0,715000.0,775000.0,882500.0,935000.0,844000.0,970000.0,1131000.0,1157000.0
28,Attwood,3049,540000.0,515000.0,620000.0,660000.0,742500.0,750000.0,767500.0,750000.0,970000.0,703000.0
29,Avenel,3664,231000.0,302000.0,245000.0,250000.0,355000.0,349000.0,370000.0,450000.0,455000.0,515000.0
30,Avoca,3467,182500.0,180000.0,182500.0,165000.0,212500.0,220000.0,219500.0,290000.0,325000.0,375000.0
31,Avondale Heights,3034,532500.0,560000.0,650000.0,750000.0,845500.0,830000.0,810000.0,842500.0,970000.0,990000.0
32,Avonsleigh,3782,420000.0,355000.0,397500.0,501000.0,562000.0,540000.0,532500.0,615000.0,752500.0,705000.0
33,Bacchus Marsh,3340,335500.0,348000.0,355000.0,376000.0,415500.0,480000.0,500000.0,520000.0,596500.0,620000.0
34,Badger Creek,3777,315000.0,325000.0,345000.0,379000.0,465000.0,500000.0,498000.0,550000.0,665000.0,700000.0
35,Bairnsdale,3875,235000.0,244000.0,246500.0,255000.0,272500.0,279000.0,274000.0,290000.0,350000.0,425000.0
36,Balaclava,3183,860500.0,942000.0,1100000.0,1242500.0,1385500.0,1196000.0,1350000.0,1390000.0,1550000.0,1660000.0
37,Balcombe,Unknown,712500.0,737000.0,871000.0,950000.0,1100000.0,1240000.0,1125000.0,1300000.0,1750000.0,1852500.0
38,Ballan,3342,352000.0,330000.0,359000.0,370000.0,417000.0,462000.0,450000.0,505000.0,603500.0,661000.0
39,Ballarat Central,3350,322000.0,327500.0,353000.0,385000.0,430000.0,447500.0,515000.0,560000.0,700000.0,710000.0
40,Ballarat East,3350,265000.0,265000.0,275000.0,295000.0,310000.0,340000.0,360000.0,398000.0,487500.0,540000.0
41,Ballarat North,3350,296000.0,312000.0,315000.0,339500.0,346500.0,389000.0,415000.0,425000.0,566500.0,635000.0
42,Balnarring,3926,525000.0,544000.0,595000.0,670000.0,815000.0,814500.0,825000.0,938500.0,1275000.0,1306500.0
43,Balnarring Beach,3926,750000.0,700000.0,887500.0,904000.0,890000.0,1115000.0,1275000.0,1250000.0,1570000.0,1847500.0
44,Balwyn,3103,1530000.0,1780000.0,2210000.0,2180000.0,2340000.0,2420000.0,2385000.0,2260000.0,2750000.0,2716500.0
45,Balwyn North,3104,1240000.0,1452000.0,1850000.0,1800000.0,1950000.0,1810000.0,1720000.0,1887500.0,2255500.0,1976500.0
46,Bandiana,3691,339000.0,355000.0,377500.0,370000.0,375000.0,390000.0,374000.0,380000.0,447000.0,449500.0
47,Bannockburn,3331,370000.0,405000.0,393000.0,382000.0,430000.0,487500.0,530000.0,555000.0,680000.0,720000.0
48,Baranduda,3691,345000.0,330000.0,323000.0,350000.0,350000.0,403500.0,395000.0,430500.0,487000.0,683000.0
49,Barnawartha,3688,245000.0,220000.0,305000.0,245000.0,312000.0,280000.0,316000.0,345000.0,358500.0,405000.0
50,Barwon Heads,3227,742500.0,715000.0,775000.0,842500.0,916000.0,965000.0,1023000.0,1285000.0,1557000.0,1667500.0
51,Baxter,3911,330500.0,325000.0,340000.0,403000.0,530000.0,542500.0,530000.0,567500.0,710000.0,787500.0
52,Bayswater,3153,458500.0,525000.0,632500.0,693000.0,800500.0,753000.0,720000.0,747000.0,872500.0,936500.0
53,Bayswater North,3153,468500.0,490000.0,580000.0,628000.0,737500.0,713000.0,695000.0,731000.0,860000.0,868500.0
54,Beaconsfield,3807,486500.0,525000.0,559000.0,585000.0,694500.0,730000.0,685000.0,711000.0,892000.0,891000.0
55,Beaconsfield Upper,3808,470000.0,507500.0,602500.0,630000.0,725500.0,903500.0,787500.0,818000.0,900000.0,1205000.0
56,Beaufort,3373,186000.0,220000.0,205000.0,237500.0,220000.0,225000.0,242500.0,325000.0,390000.0,380000.0
57,Beaumaris,3193,1074000.0,1129500.0,1345000.0,1455000.0,1611000.0,1674000.0,1587500.0,1725000.0,2100000.0,2060000.0
58,Beeac,3251,157500.0,162500.0,158000.0,148000.0,200500.0,191500.0,180000.0,265000.0,345500.0,
59,Beechworth,3747,295000.0,295000.0,332000.0,345000.0,399000.0,400000.0,478500.0,487500.0,645000.0,645000.0
60,Belgrave,3160,410000.0,426000.0,482500.0,545000.0,620000.0,676000.0,636000.0,680000.0,782500.0,913000.0
61,Belgrave Heights,3160,430000.0,480000.0,590500.0,624000.0,687500.0,701500.0,685000.0,737500.0,902500.0,1167000.0
62,Belgrave South,3160,548000.0,541000.0,555500.0,565000.0,689000.0,782500.0,665500.0,845000.0,1085000.0,885000.0
63,Bell Park,3215,314000.0,323500.0,340000.0,360000.0,400000.0,452500.0,482000.0,500000.0,620000.0,560000.0
64,Bell Post Hill,3215,328000.0,333500.0,344500.0,355000.0,435000.0,487000.0,475000.0,508500.0,657500.0,707500.0
65,Bellfield (Banyule),Unknown,516000.0,582500.0,700000.0,778000.0,897000.0,882500.0,790000.0,800000.0,973000.0,
66,Belmont,3216,360000.0,362000.0,395000.0,430000.0,500000.0,545000.0,545000.0,605000.0,730000.0,745000.0
67,Benalla,3672,228000.0,235500.0,222500.0,231500.0,250000.0,284000.0,290000.0,302000.0,394000.0,415000.0
68,Bendigo,3550,340000.0,376500.0,372000.0,400000.0,400000.0,400000.0,420000.0,500000.0,602500.0,660000.0
69,Bentleigh,3204,900000.0,1050000.0,1245000.0,1380000.0,1470000.0,1394000.0,1376000.0,1510000.0,1748500.0,1680000.0
70,Bentleigh East,3165,750000.0,850000.0,1000500.0,1115000.0,1256000.0,1205000.0,1200000.0,1252500.0,1470000.0,1528000.0
71,Berwick,3806,453000.0,487500.0,535000.0,583000.0,670000.0,691000.0,672000.0,700000.0,830000.0,862500.0
72,Beveridge,3753,396000.0,351500.0,400000.0,430000.0,495000.0,540000.0,590000.0,540000.0,642500.0,684000.0
73,Birchip,3483,120000.0,90000.0,121500.0,55000.0,100000.0,100000.0,108500.0,121500.0,130000.0,180000.0
74,Birregurra,3242,255000.0,337500.0,302500.0,345000.0,382500.0,412500.0,463000.0,489500.0,692500.0,807500.0
75,Bittern,3918,402000.0,390000.0,382500.0,464000.0,526500.0,650000.0,577500.0,630000.0,748000.0,872500.0
76,Black Hill,3350,283500.0,321500.0,300000.0,315000.0,370000.0,405000.0,492500.0,491000.0,550000.0,650000.0
77,Black Rock,3193,1225000.0,1400000.0,1545000.0,1745000.0,2017500.0,2023000.0,1793000.0,1900000.0,2547500.0,2925000.0
78,Blackburn,3130,860500.0,936000.0,1200500.0,1241000.0,1410000.0,1370500.0,1305000.0,1408000.0,1638500.0,1845500.0
79,Blackburn North,3130,692000.0,790000.0,921500.0,1040000.0,1140500.0,1038000.0,1017500.0,1090000.0,1300000.0,1430500.0
80,Blackburn South,3130,697500.0,780000.0,920500.0,1050000.0,1200000.0,1063500.0,1034000.0,1100500.0,1338500.0,1325000.0
81,Blackwood,3458,310000.0,266000.0,260000.0,291000.0,403000.0,326500.0,372500.0,477500.0,610000.0,730000.0
82,Blairgowrie,3942,609000.0,627500.0,621500.0,770000.0,883000.0,990500.0,921500.0,1142000.0,1550000.0,1670000.0
83,Blind Bight,3980,362500.0,343000.0,401000.0,440000.0,514000.0,546000.0,552500.0,570000.0,668500.0,700000.0
84,Bonbeach,3196,580000.0,635000.0,700000.0,778000.0,882500.0,910000.0,855000.0,930000.0,1100000.0,1191000.0
85,Bonnie Doon,3720,250000.0,275000.0,290000.0,290000.0,315000.0,417500.0,410000.0,372500.0,565000.0,762500.0
86,Bonshaw,3352,,309000.0,309000.0,322500.0,235000.0,400000.0,379000.0,435000.0,523500.0,585000.0
87,Boolarra,3870,196500.0,260000.0,212500.0,202500.0,255000.0,250000.0,247500.0,255000.0,355000.0,
88,Boort,3537,157500.0,162500.0,130000.0,200500.0,215000.0,180000.0,185000.0,165000.0,240000.0,215000.0
89,Boronia,3155,459500.0,500500.0,592500.0,648500.0,735000.0,742500.0,680000.0,715000.0,845000.0,852500.0
90,Botanic Ridge,3977,492000.0,519000.0,565000.0,600000.0,690000.0,730000.0,700000.0,726000.0,880000.0,875000.0
91,Box Hill,3128,855000.0,1067000.0,1350000.0,1360500.0,1738000.0,1700500.0,1536500.0,1512500.0,1630500.0,1290000.0
92,Box Hill North,3129,746000.0,856500.0,1060000.0,1146000.0,1321000.0,1188000.0,1200000.0,1187500.0,1325000.0,1466000.0
93,Box Hill South,3128,785000.0,910000.0,1153000.0,1255000.0,1409000.0,1285500.0,1177500.0,1255000.0,1553000.0,1448000.0
94,Braybrook,3019,424000.0,479500.0,550000.0,629000.0,665000.0,728500.0,646500.0,670000.0,760000.0,840000.0
95,Breakwater,3219,255000.0,251500.0,267500.0,277500.0,335000.0,385000.0,405000.0,410000.0,534500.0,593500.0
96,Briagolong,3860,226000.0,200000.0,215000.0,265000.0,257000.0,264000.0,315000.0,277500.0,400000.0,
97,Briar Hill,3088,572500.0,633000.0,680000.0,721500.0,833000.0,880000.0,823500.0,863000.0,1015000.0,1212500.0
98,Bridgewater On Loddon,3516,180000.0,190000.0,245000.0,269000.0,276000.0,288000.0,265000.0,290000.0,360000.0,340000.0
99,Bright,3741,325000.0,339500.0,392500.0,429500.0,495000.0,590000.0,580000.0,700000.0,911000.0,1225000.0
100,Brighton,3186,1802500.0,1940000.0,2302500.0,2740000.0,3050000.0,2888000.0,2662500.0,3136000.0,3478000.0,2938000.0
101,Brighton East,3187,1230000.0,1300000.0,1600000.0,1750000.0,1900000.0,1880000.0,1700000.0,1965000.0,2250000.0,2160000.0
102,Broadford,3658,291000.0,267000.0,270000.0,287500.0,330000.0,396500.0,415000.0,454000.0,505000.0,594000.0
103,Broadmeadows,3047,325000.0,345000.0,370000.0,416500.0,546000.0,575000.0,526000.0,554500.0,595000.0,600000.0
104,Brookfield,3338,330000.0,350500.0,340000.0,360000.0,425000.0,491500.0,445000.0,500000.0,537500.0,588500.0
105,Brooklyn,3012,491500.0,540000.0,602000.0,700500.0,834000.0,695000.0,672500.0,700000.0,850000.0,749500.0
106,Brown Hill,3350,310000.0,281500.0,270000.0,338000.0,350000.0,405000.0,449000.0,487500.0,600000.0,630000.0
107,Brunswick,3056,750000.0,815000.0,860500.0,946000.0,1200000.0,1100000.0,1033500.0,1100000.0,1350000.0,1325000.0
108,Brunswick East,3057,767000.0,819500.0,888000.0,998000.0,1150000.0,1170000.0,1011500.0,1283000.0,1420000.0,1360000.0
109,Brunswick West,3055,745000.0,790000.0,866500.0,1005000.0,1155000.0,1160000.0,1061500.0,1177500.0,1361000.0,1275000.0
110,Bruthen,3885,198000.0,182500.0,205000.0,207000.0,229500.0,261000.0,229000.0,345000.0,285000.0,389000.0
111,Bulleen,3105,780000.0,861000.0,1095000.0,1170000.0,1300000.0,1230000.0,1105000.0,1177000.0,1360000.0,1341000.0
112,Bundalong,3730,337500.0,336500.0,372500.0,425000.0,373000.0,462000.0,515000.0,725000.0,674500.0,3400000.0
113,Bundoora,3083,530000.0,553500.0,600500.0,652000.0,753000.0,730000.0,732500.0,745000.0,867500.0,846500.0
114,Buninyong,3357,348000.0,385000.0,364500.0,381000.0,470000.0,467500.0,475000.0,587500.0,666000.0,750000.0
115,Bunyip,3815,332500.0,325000.0,420000.0,357500.0,437500.0,550000.0,500500.0,541500.0,652500.0,750000.0
116,Burnley,3121,836000.0,1100000.0,999000.0,1215000.0,1405000.0,1277500.0,1188500.0,1497500.0,1595000.0,1850000.0
117,Burnside,3023,390000.0,401000.0,415000.0,518500.0,572500.0,605000.0,605000.0,660000.0,720000.0,754500.0
118,Burnside Heights,3023,427000.0,442500.0,460000.0,522000.0,590000.0,633000.0,591000.0,652500.0,701000.0,713500.0
119,Burwood,3125,780000.0,921000.0,1190000.0,1219000.0,1357000.0,1320000.0,1168000.0,1277500.0,1430000.0,1380000.0
120,Burwood East,3151,685500.0,782000.0,982500.0,1021000.0,1126500.0,1005000.0,1032500.0,1052000.0,1252000.0,1300000.0
121,Cairnlea,3023,480000.0,545000.0,540000.0,608500.0,710000.0,734000.0,752500.0,807500.0,850000.0,781000.0
122,California Gully,3556,252500.0,262000.0,255000.0,255000.0,250000.0,275000.0,287000.0,318000.0,415000.0,438000.0
123,Camberwell,3124,1382000.0,1655000.0,1912500.0,2090000.0,2300000.0,2155000.0,2070000.0,2085000.0,2563500.0,2403000.0
124,Campbellfield,3061,330000.0,338000.0,374500.0,420000.0,507000.0,550000.0,533000.0,537500.0,600000.0,636000.0
125,Campbells Creek,3451,382000.0,345000.0,387500.0,426500.0,380000.0,460500.0,500000.0,522500.0,650000.0,695000.0
126,Camperdown,3260,220000.0,186000.0,218000.0,217500.0,240000.0,235000.0,280000.0,295000.0,362500.0,404000.0
127,Canadian,3350,322500.0,297000.0,345000.0,339000.0,334500.0,373000.0,375000.0,422500.0,490000.0,568000.0
128,Canterbury,3126,1950000.0,2100000.0,2523000.0,2620000.0,3140000.0,2533000.0,2902500.0,2705000.0,3340000.0,3180000.0
129,Cape Paterson,3995,337000.0,332000.0,350000.0,358000.0,407500.0,442000.0,540000.0,635500.0,782500.0,948000.0
130,Cape Schanck,3939,620000.0,557500.0,660000.0,667500.0,972500.0,845000.0,940000.0,1095500.0,1365000.0,952500.0
131,Capel Sound,3940,350000.0,366000.0,390000.0,445000.0,542500.0,550000.0,520000.0,580000.0,775000.0,850000.0
132,Carisbrook,3464,218500.0,238500.0,200000.0,200000.0,245000.0,232500.0,300000.0,301500.0,364000.0,555000.0
133,Carlton,3053,1002500.0,1020000.0,830000.0,1050000.0,1470000.0,1625000.0,1308000.0,1452500.0,1492500.0,1600000.0
134,Carlton North,3054,890500.0,1095000.0,1177500.0,1360000.0,1628000.0,1445000.0,1555000.0,1500000.0,1670000.0,1640000.0
135,Carnegie,3163,865000.0,1007500.0,1300000.0,1348500.0,1510000.0,1445000.0,1313500.0,1420500.0,1781000.0,1450000.0
136,Caroline Springs,3023,435000.0,460000.0,480000.0,530000.0,611000.0,620000.0,620000.0,650000.0,720000.0,731000.0
137,Carrum,3197,510000.0,536000.0,611000.0,750000.0,835500.0,860000.0,770000.0,830000.0,952500.0,916500.0
138,Carrum Downs,3201,330000.0,346000.0,370000.0,430000.0,525000.0,575000.0,537000.0,577000.0,675000.0,728000.0
139,Casterton,3311,97500.0,99000.0,100000.0,126500.0,142000.0,132500.0,150000.0,161500.0,200000.0,195000.0
140,Castlemaine,3450,372500.0,369500.0,380000.0,410000.0,435000.0,499000.0,520000.0,555000.0,675500.0,718000.0
141,Caulfield,3162,1172500.0,1322000.0,1650000.0,1715000.0,1885000.0,1701000.0,1762500.0,1818500.0,2060000.0,1890000.0
142,Caulfield North,3161,1415000.0,1480000.0,1875000.0,2181000.0,2285000.0,1933500.0,2112000.0,2350000.0,2565000.0,2755000.0
143,Caulfield South,3162,1050000.0,1200000.0,1375000.0,1517500.0,1690000.0,1600000.0,1494500.0,1747500.0,1950000.0,1800000.0
144,Chadstone,3148,719000.0,823500.0,925000.0,1017500.0,1131000.0,1050000.0,958000.0,1105000.0,1255000.0,1192500.0
145,Charlemont,3217,,,,,157000.0,455000.0,465000.0,530000.0,627500.0,677500.0
146,Charlton,3525,120000.0,131000.0,179500.0,160000.0,136000.0,150000.0,147000.0,149500.0,195000.0,270000.0
147,Chelsea,3196,577500.0,580000.0,730000.0,890000.0,914000.0,905000.0,856500.0,980000.0,1193500.0,1205000.0
148,Chelsea Heights,3196,465000.0,513000.0,598000.0,641000.0,750000.0,778000.0,750000.0,805000.0,977500.0,985000.0
149,Cheltenham,3192,695000.0,775000.0,867000.0,940500.0,1171000.0,1105000.0,1035000.0,1130000.0,1308000.0,1518500.0
150,Cheltenham East,3192,600000.0,670000.0,770000.0,867500.0,982500.0,940000.0,940000.0,1010500.0,1190000.0,1138500.0
151,Cheltenham North,Unknown,584000.0,662000.0,745000.0,900000.0,1025000.0,925000.0,913000.0,922500.0,1057500.0,886000.0
152,Chewton,3451,312500.0,296000.0,369000.0,403500.0,320000.0,435000.0,439500.0,605000.0,672500.0,1550000.0
153,Chiltern,3683,171500.0,187500.0,220000.0,250000.0,238500.0,260000.0,223500.0,321000.0,330000.0,392000.0
154,Chirnside Park,3116,450000.0,490500.0,542500.0,627000.0,735000.0,700000.0,680500.0,757000.0,900000.0,950000.0
155,Churchill,3842,182000.0,178500.0,172500.0,182000.0,175000.0,180000.0,185000.0,226000.0,305000.0,361000.0
156,Clarinda,3169,525000.0,606500.0,682500.0,751000.0,866000.0,802500.0,820000.0,851500.0,1024500.0,1173000.0
157,Clayton,3168,645000.0,750000.0,976000.0,1010500.0,1250000.0,1255000.0,1158000.0,1055000.0,1200000.0,1082500.0
158,Clayton North,Unknown,630000.0,850000.0,1075000.0,1100000.0,1234500.0,1330000.0,1377500.0,1330000.0,1300000.0,1107500.0
159,Clayton South,3169,522500.0,580000.0,690000.0,755000.0,850000.0,850000.0,832000.0,830000.0,980000.0,1032500.0
160,Clifton Hill,3068,867000.0,965000.0,1085000.0,1220000.0,1390000.0,1364500.0,1348000.0,1375000.0,1750000.0,1670000.0
161,Clifton Springs,3222,336000.0,342000.0,345000.0,365000.0,420000.0,472000.0,485000.0,518500.0,665000.0,740000.0
162,Clunes,3370,219000.0,237500.0,245000.0,255000.0,263000.0,354000.0,320000.0,360000.0,440000.0,510000.0
163,Clyde,3978,397000.0,406000.0,397000.0,435000.0,430000.0,505000.0,545000.0,575000.0,636000.0,700000.0
164,Clyde North,3978,409000.0,380000.0,410000.0,491000.0,550000.0,595000.0,570000.0,605000.0,680000.0,750000.0
165,Cobblebank,3338,335500.0,323000.0,318000.0,328000.0,374000.0,460000.0,480000.0,510000.0,562500.0,646500.0
166,Cobden,3266,162500.0,145000.0,178500.0,177000.0,263000.0,225000.0,237000.0,272000.0,339500.0,303000.0
167,Cobram,3644,218000.0,230000.0,236000.0,265000.0,255000.0,255000.0,272500.0,300000.0,370000.0,375000.0
168,Coburg,3058,633000.0,710000.0,778000.0,876000.0,1000000.0,968000.0,935500.0,1096000.0,1255000.0,1262500.0
169,Coburg East,Unknown,560000.0,597500.0,675000.0,765000.0,861000.0,841500.0,825000.0,975000.0,1102000.0,1015000.0
170,Coburg North,3058,538500.0,600000.0,665000.0,780000.0,821000.0,814000.0,805000.0,912500.0,1017000.0,1081000.0
171,Cockatoo,3781,355000.0,365000.0,385500.0,430000.0,539500.0,591000.0,580000.0,610000.0,730500.0,850000.0
172,Cohuna,3568,139000.0,175000.0,175000.0,157500.0,180000.0,177500.0,204000.0,232500.0,260000.0,275000.0
173,Colac,3250,226500.0,235000.0,246500.0,259500.0,282500.0,320000.0,315000.0,350000.0,420000.0,517500.0
174,Coldstream,3770,385000.0,405000.0,441000.0,521000.0,597500.0,660000.0,635000.0,648000.0,767000.0,800000.0
175,Coleraine,3315,118000.0,95000.0,96000.0,90000.0,133000.0,114000.0,144000.0,127000.0,172000.0,299000.0
176,Collingwood,3066,741000.0,775000.0,914000.0,920000.0,1205000.0,1097500.0,1060000.0,1155000.0,1251500.0,1289000.0
177,Connewarre,3227,612500.0,722500.0,800000.0,892000.0,955000.0,1200000.0,1345000.0,1647500.0,1625000.0,2842500.0
178,Coolaroo,3048,290000.0,290000.0,302500.0,340000.0,451000.0,480000.0,441000.0,477000.0,500000.0,550000.0
179,Coonans Hill,Unknown,655000.0,732000.0,743000.0,870000.0,963000.0,927000.0,902500.0,1055000.0,1213000.0,1280500.0
180,Coongulla,3860,150000.0,205000.0,189000.0,185000.0,192000.0,242000.0,335000.0,285000.0,280000.0,292500.0
181,Corinella,3984,330000.0,270000.0,370000.0,325000.0,391000.0,450000.0,357500.0,510000.0,670000.0,1490500.0
182,Corio,3214,230000.0,242000.0,240000.0,250000.0,305000.0,370000.0,351500.0,390000.0,458000.0,524000.0
183,Coronet Bay,3984,251000.0,249000.0,240000.0,266000.0,325500.0,345000.0,370000.0,407500.0,522500.0,640000.0
184,Corryong,3707,166500.0,135000.0,160000.0,164000.0,180000.0,162500.0,236000.0,226500.0,240000.0,287500.0
185,Cowes,3922,385000.0,357500.0,412500.0,400000.0,440000.0,541000.0,560000.0,589500.0,876500.0,1067500.0
186,Cowes West,Unknown,320000.0,350000.0,329000.0,353500.0,390000.0,485500.0,508000.0,545000.0,702500.0,825000.0
187,Craigieburn,3064,360000.0,362000.0,390000.0,425000.0,502500.0,546500.0,525000.0,560000.0,620000.0,668000.0
188,Cranbourne,3977,315000.0,331500.0,360000.0,406000.0,510000.0,540000.0,500000.0,510500.0,618000.0,670000.0
189,Cranbourne East,3977,390000.0,410000.0,437000.0,460000.0,535000.0,574500.0,567000.0,590000.0,662500.0,720000.0
190,Cranbourne North,3977,370000.0,375000.0,410000.0,455000.0,541000.0,600000.0,570000.0,587500.0,653000.0,715000.0
191,Cranbourne South,3977,,455000.0,685000.0,685000.0,600000.0,425000.0,632500.0,634000.0,710000.0,780000.0
192,Cranbourne West,3977,330000.0,335000.0,350000.0,410000.0,510500.0,540000.0,508000.0,530000.0,625000.0,696000.0
193,Cremorne,3121,821000.0,886500.0,1030000.0,1072000.0,1230000.0,1420000.0,1290000.0,1405000.0,1500000.0,1777500.0
194,Creswick,3363,245000.0,270000.0,265000.0,292500.0,311500.0,324000.0,350000.0,387500.0,500000.0,520000.0
195,Crib Point,3919,355000.0,339000.0,350000.0,402000.0,502500.0,555000.0,527500.0,580000.0,740000.0,870000.0
196,Croydon,3136,470000.0,525000.0,605000.0,695000.0,810000.0,792500.0,735000.0,787500.0,920000.0,910500.0
197,Croydon Hills,3136,571500.0,606000.0,697000.0,730000.0,875000.0,877500.0,835000.0,920000.0,1100000.0,1120000.0
198,Croydon North,3136,540500.0,600000.0,702500.0,790500.0,872000.0,840000.0,827500.0,860500.0,1050000.0,1188000.0
199,Croydon South,3136,442000.0,530000.0,600000.0,655000.0,800000.0,757500.0,715500.0,740000.0,895000.0,887500.0
200,Curlewis,3222,385500.0,382500.0,387000.0,406500.0,430000.0,495000.0,565000.0,572500.0,646500.0,693000.0
201,Dallas,3047,280000.0,295000.0,321500.0,345000.0,430000.0,490000.0,451500.0,467500.0,525000.0,535000.0
202,Dalyston,3992,245000.0,260000.0,257000.0,255000.0,273500.0,305000.0,373000.0,421000.0,536000.0,567500.0
203,Dandenong,3175,405000.0,439000.0,485000.0,555500.0,620000.0,640000.0,601000.0,630000.0,700000.0,715000.0
204,Dandenong North,3175,390000.0,415500.0,481000.0,551000.0,633500.0,640000.0,606500.0,640000.0,729500.0,750000.0
205,Darley,3340,330500.0,360000.0,377500.0,371500.0,430000.0,505000.0,520000.0,500000.0,611500.0,685000.0
206,Daylesford,3460,385000.0,401500.0,442500.0,464000.0,502000.0,552500.0,592500.0,692500.0,832500.0,895000.0
207,Deanside,3336,,,,,340000.0,352500.0,335000.0,650000.0,600000.0,604500.0
208,Deepdene,3103,1981000.0,2215000.0,2750000.0,2600000.0,2862500.0,2692500.0,2858000.0,3150000.0,3190000.0,3328000.0
209,Deer Park,3023,348000.0,365000.0,390000.0,441000.0,552500.0,580000.0,550000.0,580000.0,630000.0,648000.0
210,Delacombe,3356,280000.0,292000.0,290000.0,319000.0,325000.0,360000.0,390000.0,410000.0,523000.0,550000.0
211,Delahey,3037,372500.0,370000.0,400000.0,458000.0,545000.0,575000.0,530000.0,575000.0,645000.0,664000.0
212,Dennington,3280,320000.0,315000.0,345000.0,342500.0,345000.0,355000.0,360000.0,395000.0,492500.0,630000.0
213,Derrimut,3026,417000.0,435000.0,466000.0,530000.0,635000.0,615000.0,649000.0,658000.0,715000.0,747000.0
214,Derrinallum,3325,97000.0,174000.0,125000.0,150000.0,162000.0,122500.0,221500.0,250000.0,270500.0,291000.0
215,Diamond Creek,3089,513000.0,550000.0,580000.0,646500.0,755000.0,782500.0,750500.0,797500.0,1005000.0,1050000.0
216,Diggers Rest,3427,280000.0,325000.0,325000.0,360000.0,440500.0,500000.0,515000.0,560000.0,611500.0,657500.0
217,Dimboola,3414,89000.0,90500.0,109500.0,116000.0,122500.0,130000.0,120000.0,154000.0,200000.0,252500.0
218,Dingley Village,3172,553500.0,607000.0,690000.0,775500.0,887000.0,840500.0,810000.0,930000.0,1050000.0,1230000.0
219,Dinner Plain,3898,390000.0,309000.0,359000.0,400000.0,412500.0,510000.0,520000.0,565000.0,757500.0,900000.0
220,Donald,3480,140000.0,120000.0,125000.0,145000.0,122000.0,145000.0,136000.0,145000.0,168500.0,225000.0
221,Doncaster,3108,850000.0,999000.0,1176000.0,1297500.0,1366500.0,1320000.0,1270000.0,1280000.0,1496000.0,1572500.0
222,Doncaster East,3109,789000.0,894500.0,1113500.0,1230000.0,1360000.0,1222000.0,1198000.0,1255000.0,1500000.0,1570500.0
223,Donnybrook,3064,,,,,,530000.0,540000.0,620000.0,607000.0,665000.0
224,Donvale,3111,735000.0,840000.0,964000.0,970000.0,1201000.0,1182500.0,1140000.0,1195000.0,1350000.0,1318000.0
225,Doreen,3754,415000.0,430000.0,440000.0,470500.0,550000.0,601000.0,598000.0,625000.0,707000.0,721000.0
226,Doveton,3177,302000.0,310500.0,348000.0,405000.0,490000.0,543500.0,471500.0,500000.0,588000.0,625000.0
227,Dromana,3936,462000.0,492000.0,552000.0,583000.0,690000.0,786000.0,715000.0,762500.0,987500.0,999000.0
228,Drouin,3818,300000.0,311000.0,320000.0,347000.0,390000.0,455000.0,440000.0,470000.0,570000.0,622000.0
229,Drumcondra,3215,802500.0,742000.0,787500.0,777500.0,858500.0,1025500.0,900000.0,1157500.0,1665000.0,
230,Drysdale,3222,390000.0,405000.0,410000.0,409000.0,436500.0,515000.0,575500.0,585000.0,690000.0,805000.0
231,Dunkeld,3294,210000.0,177500.0,191500.0,207500.0,210000.0,297500.0,225000.0,287500.0,575500.0,
232,Dunolly,3472,182500.0,170000.0,167500.0,180000.0,179000.0,206500.0,234500.0,209500.0,265000.0,419000.0
233,Eagle Point,3878,227000.0,281500.0,335000.0,267500.0,250000.0,300000.0,360000.0,397500.0,400000.0,422000.0
234,Eaglehawk,3556,264000.0,274000.0,283000.0,270000.0,295000.0,315000.0,321500.0,360000.0,440500.0,485000.0
235,Eaglemont,3084,1340000.0,1522500.0,1730000.0,1895500.0,1963000.0,1955000.0,1863000.0,2000000.0,2400000.0,2475000.0
236,East Bairnsdale,3875,226000.0,160000.0,202500.0,212500.0,222000.0,227000.0,235000.0,320000.0,355000.0,357000.0
237,East Bendigo,3550,285000.0,330000.0,300000.0,303500.0,335000.0,318000.0,390000.0,389500.0,460000.0,501500.0
238,East Geelong,3219,450000.0,427000.0,440000.0,512500.0,600000.0,637000.0,632500.0,815000.0,920000.0,846000.0
239,East Melbourne,3002,1790000.0,1850000.0,2750000.0,3655000.0,3585000.0,2675000.0,3350000.0,2675000.0,3300000.0,5820000.0
240,East Warburton,3799,289500.0,275000.0,305000.0,369000.0,392500.0,428500.0,458000.0,532500.0,645000.0,523000.0
241,Eastwood,3875,335000.0,342000.0,335000.0,357500.0,380000.0,385000.0,410000.0,415000.0,535000.0,552500.0
242,Echuca,3564,285000.0,285000.0,300000.0,310000.0,320000.0,365000.0,370000.0,412000.0,468000.0,526000.0
243,Edenhope,3318,160000.0,130000.0,115000.0,144500.0,160000.0,147000.0,169500.0,143000.0,202500.0,161500.0
244,Edithvale,3196,615000.0,670000.0,766000.0,930000.0,1058500.0,1047500.0,950000.0,1029500.0,1240000.0,1346500.0
245,Eildon,3713,210000.0,205000.0,208500.0,210000.0,225000.0,258000.0,251500.0,285000.0,350000.0,480000.0
246,Elliminyt,3250,332000.0,313000.0,318000.0,364000.0,366500.0,385000.0,445000.0,470000.0,511000.0,645000.0
247,Elmore,3558,184000.0,176000.0,200000.0,220000.0,162000.0,227500.0,235000.0,245000.0,332500.0,415000.0
248,Elsternwick,3185,1365000.0,1315000.0,1621000.0,1723500.0,2087500.0,1970000.0,1825000.0,2081000.0,2175000.0,2234000.0
249,Eltham,3095,631500.0,670000.0,750000.0,820000.0,930000.0,942500.0,928000.0,995000.0,1225500.0,1290000.0
250,Eltham North,3095,622000.0,680000.0,758000.0,850500.0,900000.0,930500.0,930000.0,1050000.0,1237500.0,1042000.0
251,Elwood,3184,1350000.0,1412500.0,1631000.0,1830000.0,1900000.0,2140000.0,1950000.0,2110000.0,2210000.0,2340000.0
252,Emerald,3782,440000.0,449500.0,502000.0,545000.0,660500.0,730000.0,660000.0,730000.0,882000.0,930000.0
253,Endeavour Hills,3802,400000.0,432000.0,496500.0,550000.0,630500.0,651000.0,620000.0,672000.0,750000.0,810000.0
254,Epping,3076,366500.0,386500.0,400000.0,455000.0,556000.0,600000.0,546000.0,577000.0,652500.0,700000.0
255,Epsom,3551,322500.0,342500.0,340000.0,340000.0,352000.0,357000.0,371500.0,431000.0,527500.0,600000.0
256,Essendon,3040,870000.0,942000.0,1228000.0,1365000.0,1400000.0,1682000.0,1450000.0,1520000.0,1717500.0,1783000.0
257,Essendon North,3041,725000.0,840000.0,808000.0,875000.0,1100000.0,1145000.0,1100000.0,1260000.0,1387500.0,1335000.0
258,Essendon West,3040,720000.0,785000.0,920000.0,962500.0,1296000.0,1221000.0,1180000.0,1275000.0,1317500.0,1165000.0
259,Eumemmerring,3177,353000.0,365000.0,408500.0,450500.0,517500.0,622000.0,540000.0,556500.0,646000.0,775000.0
260,Eureka,3350,243500.0,259000.0,247500.0,275000.0,251500.0,315500.0,360000.0,412500.0,430000.0,535000.0
261,Euroa,3666,208000.0,230000.0,235500.0,265000.0,239000.0,270000.0,309000.0,360000.0,407500.0,387500.0
262,Eynesbury,3338,390500.0,390000.0,403500.0,459000.0,484000.0,550000.0,555000.0,600000.0,676500.0,715000.0
263,Fairfield,3078,915000.0,945000.0,1111500.0,1303000.0,1496000.0,1316000.0,1295000.0,1395500.0,1700000.0,1540000.0
264,Fairhaven,3231,785000.0,955000.0,897500.0,1052500.0,880000.0,1020000.0,1395000.0,1478000.0,1860000.0,2722000.0
265,Fawkner,3060,410000.0,444000.0,510000.0,587500.0,705000.0,720000.0,665000.0,715000.0,815000.0,815000.0
266,Ferntree Gully,3156,451000.0,505000.0,599000.0,660000.0,749000.0,732500.0,692000.0,750000.0,865000.0,900000.0
267,Ferny Creek,3786,497500.0,492500.0,621000.0,735000.0,798000.0,830000.0,800000.0,908000.0,1120000.0,1022500.0
268,Fingal,3939,677500.0,730000.0,857500.0,840000.0,1000000.0,1350000.0,1240000.0,1312500.0,1807500.0,1667500.0
269,Fitzroy,3065,945000.0,1130000.0,1297500.0,1600000.0,1625000.0,1450000.0,1400000.0,1400000.0,1477500.0,1542500.0
270,Fitzroy North,3068,976000.0,1014000.0,1188000.0,1279000.0,1450000.0,1475000.0,1385000.0,1600000.0,1720000.0,1760000.0
271,Fiveways,Unknown,355000.0,315000.0,380000.0,417500.0,525000.0,542500.0,485000.0,530000.0,751500.0,949500.0
272,Flemington,3031,735500.0,730000.0,830000.0,918000.0,1100000.0,926500.0,1000000.0,1035000.0,1251000.0,1430000.0
273,Flinders,3929,765000.0,808000.0,839000.0,1225000.0,1525000.0,1697500.0,1670000.0,2085000.0,2667500.0,3845000.0
274,Flora Hill,3550,310000.0,323500.0,321000.0,325000.0,335000.0,352500.0,370000.0,395000.0,481000.0,550000.0
275,Flowerdale,3717,292500.0,170000.0,255000.0,237500.0,310000.0,390000.0,287500.0,400000.0,475000.0,480000.0
276,Footscray,3011,600000.0,645000.0,690500.0,775000.0,881000.0,899000.0,812000.0,880000.0,975000.0,996000.0
277,Forest Hill,3131,650500.0,721000.0,892000.0,933500.0,1060000.0,935000.0,900000.0,986000.0,1208500.0,1245000.0
278,Foster,3960,298000.0,315000.0,325000.0,315000.0,320000.0,333500.0,330000.0,387500.0,450000.0,495000.0
279,Frankston,3199,350000.0,372000.0,426000.0,474000.0,600000.0,605000.0,581000.0,621500.0,750000.0,779000.0
280,Frankston North,3200,255000.0,269000.0,297000.0,352000.0,470000.0,502000.0,423000.0,450000.0,580000.0,615000.0
281,Frankston South,3199,535000.0,560000.0,620000.0,690000.0,815500.0,855000.0,817500.0,860000.0,1150000.0,1076000.0
282,Fraser Rise,3336,455000.0,490000.0,465000.0,483000.0,541000.0,615000.0,595000.0,625000.0,677500.0,706000.0
283,Fyansford,3218,386500.0,478000.0,688000.0,592500.0,610000.0,650000.0,660000.0,800500.0,832500.0,985000.0
284,Garden City,3207,1055000.0,1055000.0,1320000.0,1440000.0,1650000.0,1507500.0,1375000.0,1602500.0,2074500.0,2015000.0
285,Gardenvale,3185,1150000.0,1180000.0,1348000.0,1857500.0,1880000.0,1830000.0,1740000.0,1900000.0,2120000.0,
286,Garfield,3814,405000.0,355000.0,370000.0,405000.0,414500.0,540000.0,518000.0,590000.0,715000.0,795000.0
287,Geelong,3219,500000.0,512000.0,607500.0,590000.0,735000.0,750000.0,720000.0,883500.0,950000.0,850000.0
288,Geelong West,3218,440000.0,469000.0,490000.0,543500.0,654000.0,713000.0,675000.0,749500.0,885000.0,1100000.0
289,Gembrook,3783,344000.0,400000.0,440000.0,525000.0,565000.0,610000.0,650000.0,680000.0,789500.0,820000.0
290,Gisborne,3437,496000.0,510000.0,550000.0,635000.0,655000.0,770000.0,730000.0,810000.0,900000.0,1125000.0
291,Gladstone Park,3043,392500.0,400000.0,460000.0,525000.0,645000.0,630000.0,636500.0,640000.0,728000.0,745000.0
292,Glen Huntly,3163,977500.0,1135000.0,1350000.0,1330000.0,1415000.0,1253000.0,1440000.0,1395000.0,2002500.0,824000.0
293,Glen Iris,3146,1310000.0,1500000.0,1800000.0,1935000.0,2025000.0,1927500.0,1967000.0,2130000.0,2470000.0,2150000.0
294,Glen Waverley,3150,815000.0,960000.0,1212500.0,1221000.0,1337500.0,1300000.0,1287500.0,1302500.0,1554500.0,1650000.0
295,Glengarry,3854,232500.0,283000.0,286000.0,277500.0,310000.0,300000.0,324000.0,388000.0,490000.0,615000.0
296,Glenrowan,3675,230000.0,239000.0,225000.0,272500.0,300000.0,265000.0,372500.0,375000.0,500000.0,516000.0
297,Glenroy,3046,454000.0,500000.0,560000.0,600000.0,730000.0,725000.0,700000.0,740000.0,835500.0,815000.0
298,Golden Beach,3851,169500.0,172500.0,180000.0,212500.0,209500.0,225500.0,220000.0,270000.0,325000.0,375000.0
299,Golden Point (Ballarat),Unknown,265000.0,265000.0,259500.0,295000.0,305000.0,347500.0,370000.0,430000.0,520000.0,557500.0
300,Golden Square,3555,295000.0,305000.0,306000.0,315000.0,320000.0,334000.0,340000.0,377500.0,468000.0,530000.0
301,Gordon,3345,278500.0,303000.0,290000.0,330000.0,404000.0,402500.0,495000.0,618000.0,632500.0,1022500.0
302,Goughs Bay,3723,257500.0,247500.0,265000.0,235000.0,257500.0,345500.0,299500.0,360000.0,499500.0,705000.0
303,Gowanbrae,3043,616500.0,557500.0,573000.0,619000.0,790000.0,727500.0,700500.0,739000.0,940000.0,1010000.0
304,Grantville,3984,215000.0,255000.0,250000.0,272500.0,339500.0,402500.0,397500.0,440000.0,537500.0,570500.0
305,Green Lake,Unknown,262500.0,254500.0,281500.0,305000.0,280000.0,270000.0,290000.0,360000.0,375000.0,440000.0
306,Greensborough,3088,534000.0,574000.0,635000.0,717000.0,830000.0,815000.0,798000.0,850000.0,1001000.0,980000.0
307,Greenvale,3059,550000.0,539500.0,500000.0,510000.0,650000.0,720000.0,715000.0,720000.0,820000.0,820000.0
308,Grovedale,3216,352000.0,362000.0,370000.0,400000.0,432000.0,495000.0,505000.0,550000.0,655000.0,698500.0
309,Hadfield,3046,461500.0,500000.0,550000.0,624500.0,740500.0,741500.0,730000.0,745000.0,890000.0,920000.0
310,Hallam,3803,362500.0,380000.0,424000.0,458500.0,580000.0,630000.0,550000.0,600000.0,700000.0,720000.0
311,Halls Gap,3381,184500.0,224500.0,245000.0,272500.0,280000.0,355000.0,320000.0,350000.0,468000.0,570000.0
312,Hamilton,3300,192500.0,200000.0,200000.0,217000.0,190000.0,225000.0,209500.0,255000.0,339000.0,360000.0
313,Hamlyn Heights,3215,363500.0,366500.0,382500.0,415000.0,500000.0,545000.0,540000.0,562000.0,710000.0,804000.0
314,Hampton,3188,1270000.0,1340000.0,1650000.0,1800000.0,2020000.0,1905000.0,1900000.0,2000000.0,2420000.0,2020000.0
315,Hampton East,3188,770000.0,862500.0,1020000.0,1200000.0,1340000.0,1230000.0,1211500.0,1290500.0,1527500.0,1500000.0
316,Hampton Park,3976,330000.0,337500.0,370000.0,410000.0,505000.0,550000.0,502000.0,538000.0,620000.0,660000.0
317,Harcourt,3453,309000.0,358000.0,295000.0,377500.0,385000.0,375000.0,420000.0,527500.0,604000.0,615000.0
318,Harkness,3337,330000.0,340000.0,350000.0,360000.0,420000.0,485000.0,475000.0,490000.0,535000.0,590000.0
319,Hastings,3915,345000.0,368000.0,365000.0,400000.0,507500.0,519500.0,506000.0,562000.0,653000.0,733000.0
320,Hastings West,Unknown,280000.0,277000.0,289500.0,338000.0,425000.0,480000.0,430000.0,487500.0,590000.0,675000.0
321,Hawthorn,3122,1575000.0,1606500.0,1916500.0,2245000.0,2650000.0,2506500.0,2200000.0,2500000.0,2830000.0,2485000.0
322,Hawthorn East,3123,1247500.0,1554000.0,1850000.0,1890000.0,2350000.0,2221500.0,2087500.0,2383000.0,2275000.0,1791500.0
323,Healesville,3777,385500.0,400000.0,447500.0,457000.0,550000.0,601000.0,580000.0,602500.0,750000.0,800000.0
324,Heathcote,3523,227500.0,260000.0,240000.0,268500.0,275000.0,310000.0,335000.0,365000.0,390000.0,500000.0
325,Heatherton,3202,630000.0,712000.0,771000.0,845000.0,981000.0,935000.0,965000.0,964000.0,1145000.0,1222500.0
326,Heathmont,3135,589000.0,638000.0,760000.0,789000.0,925000.0,932000.0,873000.0,930000.0,1091500.0,1117500.0
327,Heidelberg,3084,772500.0,840500.0,1060000.0,1150000.0,1280000.0,1114000.0,1107500.0,1283000.0,1465000.0,1565000.0
328,Heidelberg Heights,3081,536500.0,555000.0,676500.0,750000.0,843000.0,820000.0,790000.0,803000.0,1000000.0,952500.0
329,Heidelberg West,3081,425500.0,461000.0,580000.0,630000.0,730000.0,700000.0,670000.0,719500.0,804500.0,780000.0
330,Hepburn,3461,291000.0,330000.0,395000.0,375000.0,440000.0,425000.0,452500.0,535000.0,695000.0,675000.0
331,Hepburn Springs,3461,340000.0,350000.0,380000.0,414000.0,515000.0,490000.0,595000.0,570000.0,825000.0,850000.0
332,Herne Hill,3218,350000.0,357000.0,368500.0,402000.0,490000.0,550000.0,534000.0,600000.0,738000.0,785000.0
333,Heyfield,3858,200000.0,180000.0,182500.0,195000.0,178500.0,193000.0,195000.0,230000.0,330000.0,435000.0
334,Heywood,3304,142000.0,150000.0,173000.0,160000.0,164000.0,166000.0,178000.0,185000.0,240000.0,265000.0
335,Highett,3190,750000.0,850000.0,992500.0,1175000.0,1318500.0,1275000.0,1234000.0,1325000.0,1585500.0,1560000.0
336,Highton,3216,477500.0,510000.0,505000.0,555000.0,622500.0,681000.0,690000.0,744000.0,888500.0,975000.0
337,Hillside (Melton),Unknown,430000.0,440000.0,470000.0,525500.0,620000.0,647000.0,641000.0,680000.0,730000.0,785000.0
338,Hopetoun,3396,88000.0,95500.0,75000.0,80000.0,92000.0,86000.0,66000.0,150000.0,157000.0,214500.0
339,Hoppers Crossing,3029,321500.0,340000.0,365500.0,415000.0,516000.0,552000.0,526500.0,550000.0,590000.0,620000.0
340,Horsham,3400,215000.0,215000.0,240000.0,245000.0,262500.0,255000.0,269000.0,260000.0,345000.0,380000.0
341,Hughesdale,3166,820000.0,856000.0,1165000.0,1222500.0,1407000.0,1260000.0,1150500.0,1300000.0,1507500.0,1625000.0
342,Huntingdale,3166,659000.0,728000.0,835000.0,924500.0,1132000.0,1010000.0,914000.0,1090000.0,1299500.0,1225000.0
343,Huntly,3163,337500.0,325000.0,355000.0,340000.0,335000.0,357500.0,367500.0,388000.0,486000.0,548000.0
344,Hurstbridge,3099,482000.0,482000.0,547500.0,614500.0,714000.0,731000.0,700000.0,775000.0,900000.0,1390000.0
345,Indented Head,3223,390000.0,385000.0,382500.0,395000.0,455000.0,575500.0,606000.0,590000.0,750000.0,875000.0
346,Inglewood,3517,160000.0,145000.0,200000.0,152500.0,182500.0,180000.0,185000.0,214000.0,320000.0,425500.0
347,Inverloch,3996,431000.0,440000.0,425000.0,442500.0,495000.0,598000.0,590000.0,665000.0,890500.0,927500.0
348,Invermay Park,3350,378000.0,387000.0,405000.0,377500.0,391000.0,465000.0,475000.0,485000.0,680000.0,725000.0
349,Ironbark,3550,277000.0,280000.0,292500.0,365000.0,280000.0,320000.0,304000.0,438500.0,523000.0,530000.0
350,Irymple,3498,248000.0,228500.0,268000.0,257500.0,291000.0,310000.0,386500.0,354000.0,425000.0,519000.0
351,Ivanhoe,3079,1100000.0,1206000.0,1125000.0,1400000.0,1547500.0,1600000.0,1590000.0,1630000.0,1830000.0,1927500.0
352,Ivanhoe East,3079,1310000.0,1513000.0,1542500.0,1764500.0,1975000.0,1914000.0,1775000.0,2055000.0,2207500.0,2670000.0
353,Jacana,3047,334000.0,342500.0,375000.0,423000.0,571500.0,555000.0,512500.0,555000.0,626000.0,637500.0
354,Jackass Flat,3556,287500.0,360000.0,350500.0,345500.0,299000.0,310000.0,331500.0,401000.0,460000.0,542500.0
355,Jamieson,3723,205000.0,210000.0,258500.0,220000.0,266500.0,265000.0,311500.0,345000.0,410000.0,686000.0
356,Jan Juc,3228,555000.0,595000.0,615000.0,716000.0,850000.0,905000.0,870000.0,964000.0,1333500.0,1317500.0
357,Jeeralang North,Unknown,145500.0,187500.0,175000.0,140000.0,248000.0,170000.0,235000.0,240000.0,282000.0,335500.0
358,Jeparit,3423,80500.0,63000.0,89000.0,124000.0,66500.0,77000.0,81000.0,110000.0,129000.0,145000.0
359,Junction Village,3977,312000.0,320000.0,370000.0,389000.0,436000.0,509000.0,483500.0,515000.0,605000.0,
360,Junortoun,3551,490000.0,508500.0,417500.0,490000.0,512500.0,506500.0,530000.0,598000.0,682000.0,910500.0
361,Kalimna,3909,230000.0,285000.0,300000.0,270000.0,276500.0,326500.0,292500.0,350000.0,469000.0,589000.0
362,Kalkallo,3064,450000.0,450000.0,180000.0,432500.0,529500.0,548000.0,538000.0,555000.0,613500.0,635000.0
363,Kallista,3791,425000.0,465000.0,523000.0,567500.0,676000.0,737500.0,700000.0,715000.0,910000.0,1025000.0
364,Kalorama,3766,442500.0,451000.0,496000.0,533000.0,670000.0,686500.0,645000.0,697500.0,822000.0,1126000.0
365,Kangaroo Flat,3555,292500.0,300000.0,303000.0,300000.0,310000.0,325000.0,340000.0,380000.0,465000.0,545000.0
366,Kangaroo Ground South,Unknown,615000.0,655000.0,650000.0,670000.0,853500.0,930000.0,815500.0,970000.0,1217000.0,1150000.0
367,Kaniva,3419,75000.0,87500.0,100000.0,120000.0,157500.0,164000.0,169500.0,115000.0,174000.0,126000.0
368,Kealba,3021,370000.0,390000.0,400000.0,470000.0,595000.0,612000.0,596000.0,600000.0,655000.0,755000.0
369,Keilor,3036,572500.0,633000.0,703000.0,805000.0,845000.0,815000.0,836500.0,885000.0,1066000.0,953000.0
370,Keilor Downs,3038,403500.0,429000.0,496500.0,562000.0,670000.0,660000.0,630000.0,660000.0,775000.0,720000.0
371,Keilor East,3033,560000.0,599000.0,651000.0,720000.0,843000.0,830000.0,835000.0,842000.0,999000.0,1032500.0
372,Keilor Lodge,3038,490000.0,500000.0,555500.0,607500.0,760000.0,715000.0,740000.0,757500.0,842500.0,820000.0
373,Keilor Park,3042,455000.0,512500.0,565000.0,650000.0,741000.0,770000.0,704000.0,735000.0,820500.0,950000.0
374,Kennington,3550,351500.0,345000.0,334000.0,355000.0,372000.0,383500.0,374000.0,428500.0,550000.0,595000.0
375,Kensington,3031,690000.0,737500.0,823500.0,908000.0,1019000.0,1020000.0,978000.0,1106500.0,1165000.0,1219000.0
376,Kerang,3579,152000.0,145000.0,152000.0,167000.0,160000.0,177000.0,170000.0,198500.0,238000.0,267500.0
377,Kew,3101,1751000.0,1950000.0,2080000.0,2207500.0,2320000.0,2385000.0,2345000.0,2253000.0,2752500.0,2300000.0
378,Kew East,3102,1210000.0,1314000.0,1600000.0,1655000.0,1876000.0,1800000.0,1837000.0,1785000.0,1990000.0,
379,Kew North,Unknown,1260000.0,1301000.0,1665000.0,1827500.0,1880000.0,1767500.0,1833000.0,1840000.0,2050000.0,2169000.0
380,Keysborough,3173,435000.0,456500.0,559500.0,650000.0,730000.0,745000.0,740000.0,762500.0,916000.0,935000.0
381,Kialla,3631,360000.0,365000.0,367500.0,374000.0,390000.0,418000.0,450000.0,482500.0,544000.0,622500.0
382,Kilcunda,3995,375000.0,320000.0,400000.0,480000.0,504000.0,496000.0,533000.0,702500.0,870000.0,810000.0
383,Killara (Wodonga),Unknown,351000.0,346000.0,360000.0,425000.0,400000.0,420000.0,453500.0,447500.0,560000.0,632000.0
384,Kilmore,3764,327500.0,319000.0,336500.0,333000.0,387500.0,440000.0,435000.0,477000.0,549000.0,617000.0
385,Kilsyth,3137,435000.0,460000.0,548500.0,620000.0,698500.0,685500.0,645000.0,677500.0,780500.0,855500.0
386,Kilsyth South,3137,542500.0,575000.0,676000.0,738000.0,845000.0,826000.0,780500.0,870000.0,977500.0,1185000.0
387,Kinglake,3763,330000.0,318000.0,340000.0,346000.0,458000.0,480000.0,555000.0,600000.0,640000.0,797500.0
388,Kings Park,3021,315000.0,325000.0,355000.0,415000.0,532500.0,550000.0,510000.0,550000.0,600000.0,650000.0
389,Kingsbury,3083,470000.0,502500.0,560000.0,610000.0,731000.0,730000.0,660000.0,732500.0,847000.0,752500.0
390,Kingsville,3012,635000.0,703500.0,785000.0,925000.0,1020000.0,990000.0,1010000.0,970000.0,1225000.0,1180000.0
391,Knoxfield,3180,500000.0,580000.0,681000.0,740000.0,870000.0,815000.0,760000.0,810000.0,980000.0,1040000.0
392,Koo Wee Rup,3981,315000.0,335000.0,345000.0,400000.0,450500.0,508500.0,550000.0,540000.0,610000.0,700000.0
393,Koondrook,3580,147500.0,155000.0,198500.0,165000.0,247500.0,268000.0,212500.0,254000.0,322500.0,237000.0
394,Kooyong,3144,1417500.0,2900000.0,3400000.0,2762500.0,3950000.0,2630000.0,3585000.0,3500000.0,3150000.0,
395,Koroit,3282,275000.0,300000.0,296000.0,294000.0,325000.0,352000.0,347500.0,390000.0,495000.0,524000.0
396,Korumburra,3950,236000.0,222500.0,262500.0,257500.0,292000.0,317500.0,319500.0,391000.0,480000.0,525000.0
397,Kurunjang,3337,287000.0,280000.0,289500.0,310000.0,370000.0,435000.0,420000.0,432000.0,486000.0,552500.0
398,Kyabram,3620,237000.0,235000.0,240000.0,234000.0,239000.0,261000.0,263000.0,280000.0,319500.0,395000.0
399,Kyneton,3444,369000.0,400000.0,425500.0,455000.0,495000.0,550000.0,595000.0,614000.0,765000.0,890000.0
400,Lake Boga,3584,200000.0,143500.0,245000.0,222500.0,182500.0,232500.0,239000.0,230000.0,315000.0,343000.0
401,Lake Bunga,3909,197500.0,162500.0,270000.0,270000.0,392500.0,380000.0,300000.0,350000.0,600000.0,829500.0
402,Lake Gardens,3355,445000.0,445000.0,461000.0,485000.0,461500.0,575000.0,552500.0,607500.0,692500.0,755000.0
403,Lake Tyers Beach,3909,270000.0,354000.0,330000.0,268500.0,362500.0,300000.0,357500.0,375000.0,505000.0,830000.0
404,Lake Wendouree,3350,634000.0,650000.0,685000.0,700000.0,790000.0,775000.0,855000.0,1000000.0,1250000.0,1032500.0
405,Lakes Entrance,3909,269500.0,254000.0,255500.0,280000.0,281500.0,328000.0,300000.0,350000.0,420000.0,540000.0
406,Lalor,3075,365000.0,385000.0,445000.0,499500.0,625500.0,625000.0,590000.0,623000.0,700000.0,726000.0
407,Lancefield,3435,377500.0,362000.0,360000.0,360000.0,416000.0,456000.0,500000.0,540000.0,685000.0,625000.0
408,Lang Lang,3984,285000.0,295000.0,316500.0,355000.0,390000.0,475000.0,495000.0,540000.0,657000.0,712500.0
409,Langwarrin,3910,385000.0,420000.0,450000.0,503000.0,600000.0,642500.0,615000.0,660000.0,810000.0,860000.0
410,Lara,3212,350000.0,340000.0,348000.0,355000.0,430000.0,515000.0,495000.0,535000.0,685000.0,765000.0
411,Lara Lake,Unknown,363500.0,398000.0,375000.0,395000.0,450500.0,525000.0,535500.0,575000.0,664500.0,694500.0
412,Launching Place,3139,330000.0,337500.0,366000.0,435000.0,490000.0,531000.0,554000.0,572500.0,688500.0,820000.0
413,Laverton,3028,325000.0,358000.0,377500.0,429000.0,535000.0,579000.0,529000.0,560000.0,605000.0,607500.0
414,Laverton South,Unknown,392500.0,425000.0,450000.0,528500.0,610500.0,646000.0,622500.0,647500.0,725000.0,807500.0
415,Leitchville,3567,98000.0,67500.0,100000.0,126500.0,100000.0,109500.0,106000.0,123500.0,220000.0,295000.0
416,Leneva,3691,361500.0,372500.0,370500.0,376000.0,397500.0,387500.0,426000.0,470000.0,554000.0,635000.0
417,Leongatha,3953,300000.0,295500.0,305000.0,305000.0,320000.0,360000.0,370000.0,426000.0,505000.0,540000.0
418,Leopold,3224,360000.0,366500.0,365000.0,407000.0,447000.0,500500.0,510000.0,535000.0,652000.0,700000.0
419,Lilydale,3140,469000.0,482500.0,534000.0,633500.0,710500.0,705000.0,675500.0,718000.0,850000.0,851000.0
420,Lindenow,3865,200000.0,226000.0,212500.0,212000.0,245000.0,313500.0,282500.0,282500.0,385000.0,452500.0
421,Lismore,3324,110000.0,109000.0,115000.0,141500.0,155000.0,132500.0,144500.0,220000.0,176000.0,280000.0
422,Loch,3945,279000.0,242500.0,241000.0,339500.0,300000.0,398000.0,395000.0,444000.0,450000.0,
423,Loch Sport,3851,166000.0,153500.0,145000.0,178000.0,182000.0,230000.0,244000.0,247000.0,322000.0,417500.0
424,Lockington,3563,175000.0,174000.0,220000.0,196000.0,149000.0,183000.0,222000.0,195000.0,243000.0,350000.0
425,Long Gully,3550,230000.0,255000.0,244000.0,240000.0,256000.0,269000.0,280000.0,299500.0,385000.0,503500.0
426,Longwarry,3816,289500.0,297500.0,307000.0,334000.0,377000.0,403000.0,406000.0,427500.0,510000.0,525000.0
427,Lorne,3232,840000.0,815000.0,895000.0,765000.0,1150000.0,1275000.0,1295000.0,1497500.0,1830000.0,1445000.0
428,Lovely Banks,3213,360500.0,406500.0,388500.0,470000.0,460000.0,525000.0,570000.0,565000.0,662500.0,763000.0
429,Lower Plenty,3093,680500.0,675000.0,770000.0,900000.0,980000.0,1055000.0,950000.0,907000.0,1220000.0,1558000.0
430,Lucas,3350,348000.0,355000.0,389000.0,345000.0,349500.0,395000.0,431000.0,465000.0,585000.0,681500.0
431,Lucknow,3875,235000.0,229000.0,230000.0,244500.0,261500.0,280000.0,275000.0,314500.0,355000.0,300000.0
432,Lynbrook,3975,430000.0,460000.0,500000.0,542500.0,595000.0,640000.0,623000.0,660000.0,750000.0,805000.0
433,Lyndhurst,3975,465000.0,482500.0,550000.0,585000.0,625000.0,695000.0,665500.0,701500.0,815500.0,949000.0
434,Lysterfield,3156,681500.0,670000.0,780000.0,857500.0,995500.0,976500.0,956500.0,994500.0,1130000.0,1166000.0
435,Lysterfield South,3156,931500.0,1000000.0,1018500.0,1240000.0,1300000.0,1275000.0,775000.0,1410000.0,1618000.0,
436,Macedon,3440,490000.0,460000.0,532500.0,585000.0,696000.0,815000.0,800000.0,883000.0,1130000.0,950000.0
437,Macleod,3085,647500.0,705000.0,755000.0,868000.0,950000.0,922500.0,922500.0,972500.0,1156500.0,1590000.0
438,Macs Cove,3723,244000.0,185000.0,189000.0,225000.0,240000.0,269500.0,300000.0,280000.0,450000.0,572500.0
439,Maddingley,3340,316500.0,320000.0,332500.0,346000.0,395000.0,442000.0,460000.0,522000.0,567500.0,620000.0
440,Maffra,3860,229000.0,215000.0,230000.0,258000.0,251500.0,261500.0,255000.0,315000.0,338000.0,379000.0
441,Maiden Gully,3551,440000.0,415000.0,430000.0,477000.0,471000.0,495500.0,514000.0,579000.0,725000.0,750000.0
442,Maidstone,3012,535000.0,587500.0,630000.0,695000.0,825000.0,798500.0,779000.0,789500.0,855000.0,1040000.0
443,Maldon,3463,315000.0,325000.0,339000.0,395000.0,426500.0,420000.0,510000.0,546500.0,624500.0,693000.0
444,Mallacoota,3892,285000.0,285000.0,288500.0,325000.0,345000.0,280000.0,406500.0,415000.0,488500.0,408000.0
445,Malmsbury,3446,292500.0,317500.0,397500.0,344000.0,447000.0,465000.0,475000.0,505000.0,735000.0,745000.0
446,Malvern,3144,1508500.0,1946000.0,2230000.0,2332000.0,2750000.0,2661000.0,2570000.0,2842500.0,3000000.0,2460000.0
447,Malvern East,3145,1200000.0,1380000.0,1610000.0,1729000.0,1824000.0,1900000.0,1787500.0,1885000.0,2100500.0,2410000.0
448,Mambourin,3024,,,,,,,,,597500.0,639000.0
449,Manifold Heights,3218,532500.0,489000.0,489500.0,620000.0,721500.0,785500.0,715000.0,825000.0,924500.0,934000.0
450,Manor Lakes,3024,340500.0,360000.0,385000.0,417500.0,490000.0,526000.0,533000.0,570000.0,597500.0,661000.0
451,Mansfield,3722,364000.0,347000.0,367500.0,359000.0,385000.0,430000.0,450000.0,510000.0,640000.0,795000.0
452,Marengo,3233,750000.0,382500.0,577500.0,599000.0,670000.0,597500.0,687500.0,750000.0,1075000.0,1725000.0
453,Maribyrnong,3032,714000.0,750500.0,837500.0,940000.0,1056000.0,1050000.0,961500.0,936500.0,1165000.0,1125000.0
454,Marlo,3888,295000.0,285000.0,335500.0,305000.0,432500.0,385000.0,355000.0,405000.0,435000.0,580000.0
455,Marong,3515,310000.0,345000.0,364000.0,330000.0,348000.0,365000.0,420000.0,465000.0,560000.0,640000.0
456,Marshall,3216,360000.0,382500.0,377000.0,400000.0,430000.0,468000.0,486500.0,510000.0,600000.0,671000.0
457,Maryborough,3465,194000.0,200000.0,192500.0,206500.0,194000.0,229500.0,236000.0,269500.0,337500.0,390000.0
458,Marysville,3779,180000.0,125000.0,320000.0,332500.0,383000.0,477500.0,462500.0,475000.0,670000.0,980000.0
459,Mccrae,3938,530000.0,535000.0,597500.0,689000.0,775000.0,847500.0,795000.0,952500.0,1160000.0,1040000.0
460,Mckenzie Hill,3451,397000.0,140000.0,429500.0,475000.0,471500.0,495000.0,536500.0,544500.0,697500.0,687500.0
461,Mckinnon,3204,1025000.0,1220000.0,1500000.0,1657500.0,1720000.0,1555000.0,1520500.0,1677500.0,1895000.0,2267500.0
462,Mcloughlins Beach,3874,145500.0,169500.0,145000.0,180000.0,110000.0,191000.0,210000.0,208000.0,271500.0,285000.0
463,Meadow Heights,3048,317000.0,322500.0,350500.0,370000.0,451000.0,510000.0,474000.0,499000.0,557000.0,600000.0
464,Meeniyan,3956,199000.0,223500.0,242500.0,270000.0,244500.0,292500.0,424500.0,349500.0,520000.0,780000.0
465,Melton,3337,245000.0,240000.0,255000.0,280500.0,369000.0,415000.0,385000.0,390000.0,455000.0,496000.0
466,Melton South,3338,230000.0,238000.0,260000.0,276000.0,377000.0,417000.0,390000.0,420000.0,465000.0,535000.0
467,Melton West,3337,285500.0,290000.0,295000.0,330000.0,409000.0,453000.0,428000.0,470000.0,515000.0,550000.0
468,Mentone,3194,705000.0,810000.0,950000.0,982500.0,1097500.0,1080000.0,1031000.0,1050000.0,1376000.0,1228000.0
469,Menzies Creek,3159,515000.0,428000.0,580000.0,597000.0,640000.0,760000.0,682500.0,745000.0,1020000.0,850000.0
470,Merbein,3505,140500.0,167000.0,180000.0,170000.0,183500.0,180000.0,210000.0,203000.0,227500.0,295500.0
471,Meredith,3333,353000.0,230000.0,280000.0,250000.0,323500.0,400000.0,330500.0,470000.0,523000.0,650000.0
472,Merinda Park,Unknown,310000.0,310000.0,345000.0,385000.0,471500.0,523000.0,476000.0,527500.0,615000.0,677000.0
473,Mernda,3754,375000.0,370000.0,410000.0,430000.0,525000.0,573500.0,552000.0,570000.0,670000.0,682500.0
474,Merrigum,3618,160500.0,149000.0,209500.0,164500.0,160000.0,190000.0,270000.0,179000.0,255000.0,248500.0
475,Merrijig (Mansfield),Unknown,332500.0,390000.0,292500.0,344000.0,420000.0,461000.0,422500.0,613000.0,882000.0,905000.0
476,Metung,3904,337500.0,287500.0,299000.0,360000.0,347500.0,371500.0,455000.0,485000.0,517500.0,625000.0
477,Mickleham,3064,213000.0,168000.0,390000.0,437000.0,500500.0,520000.0,525000.0,565000.0,630000.0,665000.0
478,Middle Park,3206,1587500.0,2125000.0,2317000.0,2238500.0,2370000.0,2685000.0,2775000.0,2680000.0,2864000.0,2600000.0
479,Mildura,3500,225500.0,245000.0,252000.0,260000.0,264000.0,281500.0,310000.0,337000.0,380000.0,439500.0
480,Mill Park,3082,408000.0,430500.0,480000.0,560000.0,668500.0,657000.0,653000.0,690000.0,755000.0,805500.0
481,Millgrove,3799,245000.0,260000.0,275000.0,293500.0,343000.0,411000.0,415000.0,425000.0,540000.0,626000.0
482,Miners Rest,3352,330000.0,327500.0,335000.0,334000.0,370000.0,400000.0,427500.0,440000.0,530000.0,655000.0
483,Minyip,3392,73500.0,95000.0,93000.0,82500.0,94000.0,81000.0,114500.0,75000.0,151500.0,144000.0
484,Mirboo North,3871,265000.0,250000.0,262000.0,275000.0,264000.0,307500.0,327500.0,376000.0,475000.0,621000.0
485,Mitcham,3132,650000.0,730000.0,885500.0,941000.0,1070000.0,998000.0,942000.0,1066500.0,1212500.0,1215000.0
486,Mitchell Park,3355,267000.0,267500.0,260000.0,259000.0,263000.0,304500.0,313000.0,330000.0,400000.0,555000.0
487,Moe,3825,155000.0,170000.0,162500.0,173000.0,175000.0,200000.0,210000.0,250000.0,315000.0,335000.0
488,Monbulk,3793,395000.0,425000.0,471500.0,521500.0,608000.0,650000.0,630000.0,650000.0,766000.0,790000.0
489,Mont Albert,3127,1316000.0,1490000.0,1863000.0,1921000.0,2100000.0,1990000.0,1690000.0,2170000.0,2349000.0,2675000.0
490,Mont Albert North,3129,995000.0,1100000.0,1400000.0,1490000.0,1565000.0,1460000.0,1380000.0,1437000.0,1590000.0,1555000.0
491,Montmorency,3094,570000.0,614000.0,732000.0,780500.0,890000.0,926000.0,856000.0,913000.0,1160000.0,1175000.0
492,Montrose,3765,445000.0,476500.0,559000.0,625000.0,700500.0,737500.0,707500.0,730000.0,845000.0,930000.0
493,Moonee Ponds,3039,830500.0,920000.0,1006000.0,1110500.0,1310000.0,1360000.0,1300000.0,1290000.0,1540000.0,1825000.0
494,Moorabbin,3189,682000.0,768000.0,855000.0,980000.0,1160000.0,1130000.0,1065000.0,1072500.0,1400000.0,1445000.0
495,Mooroolbark,3138,440000.0,465000.0,558500.0,620000.0,725000.0,720000.0,670000.0,720000.0,842500.0,873000.0
496,Mooroopna,3629,207500.0,215000.0,230000.0,215500.0,225000.0,230000.0,247500.0,268500.0,335000.0,395500.0
497,Mordialloc,3195,680000.0,755000.0,850000.0,933000.0,1120000.0,1046500.0,1017500.0,1089000.0,1410000.0,1130000.0
498,Mornington,3931,525000.0,558000.0,641000.0,745000.0,800000.0,850000.0,810000.0,895000.0,1100000.0,1225000.0
499,Mortlake,3272,129500.0,152500.0,120000.0,152000.0,170000.0,165000.0,164000.0,220000.0,290500.0,322500.0
500,Morwell,3840,160000.0,150000.0,150000.0,153000.0,170000.0,167000.0,179000.0,200000.0,275000.0,315000.0
501,Mount Beauty,3699,180000.0,200000.0,189500.0,183000.0,258000.0,267500.0,295000.0,330000.0,446000.0,580000.0
502,Mount Clear,3350,286000.0,288000.0,322500.0,345000.0,345000.0,379000.0,396500.0,414000.0,505000.0,586500.0
503,Mount Dandenong,3767,450000.0,610000.0,612500.0,641000.0,847000.0,647500.0,690000.0,791000.0,858500.0,1280000.0
504,Mount Duneed,3217,286000.0,532000.0,545000.0,425000.0,500000.0,555000.0,557000.0,593000.0,698000.0,770000.0
505,Mount Egerton,3352,250000.0,295000.0,230000.0,271500.0,310000.0,340500.0,330000.0,271000.0,555000.0,450000.0
506,Mount Eliza,3930,750000.0,777500.0,832000.0,950000.0,1137500.0,1222500.0,1180000.0,1313000.0,1700000.0,1767500.0
507,Mount Evelyn,3796,406000.0,428500.0,493500.0,551000.0,640000.0,671500.0,636000.0,709000.0,820000.0,796500.0
508,Mount Helen,3350,344000.0,368000.0,342000.0,355000.0,376000.0,420000.0,417000.0,470000.0,610000.0,615000.0
509,Mount Macedon,3441,662500.0,600000.0,635000.0,750000.0,665000.0,859000.0,775000.0,1043000.0,1626000.0,1530000.0
510,Mount Martha,3934,727500.0,745000.0,785000.0,965000.0,1050000.0,1202500.0,1262500.0,1410500.0,1857500.0,1800000.0
511,Mount Pleasant,3350,276500.0,269500.0,293500.0,297500.0,293000.0,350000.0,377500.0,415000.0,498000.0,590000.0
512,Mount Waverley,3149,820000.0,950000.0,1267500.0,1265000.0,1416000.0,1320000.0,1270500.0,1300000.0,1510000.0,1510000.0
513,Mulgrave,3170,577500.0,627000.0,765500.0,786000.0,900500.0,860000.0,840000.0,850000.0,1000000.0,907500.0
514,Murchison,3610,186000.0,155000.0,165000.0,187000.0,254500.0,225000.0,244500.0,291500.0,400000.0,410000.0
515,Murrumbeena,3163,870000.0,982500.0,1204000.0,1286000.0,1420000.0,1343500.0,1241500.0,1405000.0,1687500.0,1755000.0
516,Murtoa,3390,95000.0,110000.0,91000.0,97500.0,115000.0,110000.0,119000.0,130000.0,142500.0,160000.0
517,Myrtleford,3737,220000.0,245000.0,242000.0,270500.0,265000.0,295000.0,325000.0,385000.0,515000.0,624500.0
518,Nagambie,3608,312500.0,378000.0,360500.0,336000.0,330000.0,385000.0,414000.0,460000.0,545000.0,700000.0
519,Nar Nar Goon,3812,350000.0,395500.0,550000.0,442500.0,470000.0,522500.0,508500.0,535000.0,655000.0,655000.0
520,Narre Warren,3805,370000.0,386000.0,430000.0,486500.0,590000.0,614000.0,588000.0,610000.0,700000.0,768000.0
521,Narre Warren North,3804,685000.0,822500.0,773000.0,900000.0,1108000.0,1180000.0,1075000.0,1185000.0,1430000.0,1467500.0
522,Narre Warren South,3805,410000.0,440000.0,476000.0,530000.0,620000.0,636500.0,625000.0,660000.0,750000.0,806500.0
523,Nathalia,3638,165000.0,190500.0,178000.0,185000.0,232500.0,210000.0,229000.0,256000.0,265000.0,330000.0
524,Natimuk,3409,166000.0,145000.0,161000.0,165500.0,249500.0,158500.0,148500.0,221000.0,296000.0,275000.0
525,Neerim South,3831,340000.0,336500.0,280000.0,330000.0,320000.0,406500.0,413000.0,473500.0,555000.0,475000.0
526,Nelson,3292,224000.0,203500.0,257500.0,220000.0,249500.0,255000.0,247500.0,210000.0,355000.0,410000.0
527,Nerrina,3350,455000.0,482500.0,522500.0,517500.0,570000.0,575000.0,617500.0,630000.0,580000.0,510000.0
528,New Gisborne,3438,500000.0,510000.0,498000.0,545000.0,625000.0,757500.0,695000.0,721500.0,798500.0,820000.0
529,Newborough,3825,213000.0,215000.0,220000.0,224500.0,220000.0,250000.0,255000.0,290000.0,359000.0,412500.0
530,Newcomb,3219,280000.0,292000.0,290500.0,310000.0,375000.0,453500.0,435000.0,476000.0,584000.0,615000.0
531,Newhaven,3925,442500.0,422500.0,480000.0,457500.0,447500.0,520000.0,712000.0,505000.0,827500.0,936500.0
532,Newington,3350,320000.0,341000.0,345000.0,372500.0,422500.0,465000.0,490000.0,735000.0,720000.0,645000.0
533,Newlands Arm,3875,320000.0,302000.0,332500.0,380000.0,380000.0,367500.0,443000.0,470000.0,550000.0,660000.0
534,Newport,3015,695000.0,740000.0,825000.0,950000.0,1080000.0,1059000.0,1055000.0,1092500.0,1288000.0,1350000.0
535,Newstead,3462,300000.0,297500.0,365000.0,362000.0,420000.0,318500.0,436000.0,470000.0,540000.0,615000.0
536,Newtown (Greater Geelong),Unknown,570000.0,620000.0,642500.0,712500.0,780000.0,843000.0,832000.0,940000.0,1175000.0,1085000.0
537,Nhill,3418,110000.0,125000.0,128000.0,140000.0,126500.0,149000.0,137000.0,158500.0,180000.0,171000.0
538,Nichols Point,3501,316500.0,304000.0,370000.0,396000.0,346000.0,470000.0,430000.0,475000.0,510000.0,500000.0
539,Niddrie,3042,700000.0,747500.0,832500.0,910000.0,1095000.0,1070000.0,1070000.0,1000500.0,1210000.0,995000.0
540,Noble Park,3174,400000.0,440000.0,510000.0,600000.0,680000.0,680000.0,625500.0,675000.0,755000.0,770000.0
541,Noble Park North,3174,383000.0,420000.0,491500.0,563000.0,640000.0,660000.0,610000.0,655500.0,750000.0,790000.0
542,Norlane,3214,202500.0,215000.0,216000.0,236500.0,290000.0,355000.0,350000.0,372000.0,450000.0,505000.0
543,North Bendigo,3550,271000.0,280000.0,286000.0,279000.0,302000.0,310000.0,325000.0,374000.0,460500.0,520000.0
544,North Geelong,3215,277000.0,301000.0,335000.0,338500.0,422000.0,495000.0,500000.0,550500.0,600000.0,638500.0
545,North Melbourne,3051,802500.0,832000.0,926000.0,1200000.0,1390000.0,1185000.0,1375000.0,1150000.0,1311500.0,1177000.0
546,North Shore,3214,354000.0,403500.0,561000.0,533000.0,511000.0,497000.0,552500.0,615000.0,660000.0,
547,North Wonthaggi,3995,230000.0,268500.0,274500.0,259500.0,294000.0,369000.0,389000.0,419000.0,560000.0,664000.0
548,Northcote,3070,818000.0,935000.0,1008500.0,1190000.0,1325000.0,1345000.0,1307500.0,1413000.0,1655000.0,1550000.0
549,Notting Hill,3168,566500.0,660000.0,780000.0,872500.0,993000.0,957500.0,880000.0,940000.0,1163000.0,1220000.0
550,Numurkah,3636,195000.0,215000.0,219000.0,195000.0,219000.0,225000.0,250000.0,239000.0,310000.0,385000.0
551,Nunawading,3131,637500.0,721500.0,880000.0,970000.0,1090000.0,986000.0,951000.0,1038500.0,1250000.0,1295000.0
552,Nyah West,3595,94000.0,107500.0,146500.0,130000.0,133500.0,136000.0,85000.0,129000.0,174500.0,209000.0
553,Nyora,3987,222500.0,265000.0,245000.0,300000.0,260000.0,340000.0,370000.0,530000.0,745000.0,735000.0
554,Oak Park,3046,576500.0,626000.0,660000.0,822500.0,853500.0,878500.0,840000.0,911500.0,1127500.0,1422500.0
555,Oakleigh,3166,753500.0,801500.0,1002000.0,1050000.0,1210000.0,1250000.0,1101000.0,1255000.0,1389500.0,1425000.0
556,Oakleigh East,3166,672000.0,820000.0,995000.0,983000.0,1195000.0,992500.0,950000.0,995000.0,1176500.0,1162500.0
557,Oakleigh South,3167,603000.0,700000.0,830000.0,890000.0,1030000.0,960000.0,908000.0,983500.0,1200000.0,1237500.0
558,Ocean Grove,3226,459000.0,515000.0,516500.0,555000.0,637000.0,691000.0,695000.0,790000.0,960000.0,1125000.0
559,Officer,3809,342000.0,339000.0,375000.0,440000.0,480000.0,548000.0,540000.0,582000.0,650000.0,720000.0
560,Officer South,3809,,,,,283000.0,569500.0,714000.0,770000.0,726500.0,935000.0
561,Olinda,3788,496000.0,520000.0,553500.0,620000.0,705000.0,760000.0,746500.0,757500.0,1087500.0,938500.0
562,Omeo,3898,210000.0,190000.0,212500.0,150000.0,183000.0,183500.0,250000.0,238000.0,319500.0,345000.0
563,Orbost,3888,156000.0,150000.0,145000.0,162500.0,159000.0,165000.0,185500.0,220000.0,240000.0,315000.0
564,Ormond,3204,997500.0,1187500.0,1300000.0,1550000.0,1604500.0,1600000.0,1475000.0,1590000.0,1895000.0,1927500.0
565,Osborne,3691,530000.0,540500.0,580000.0,640000.0,735000.0,757000.0,777500.0,850500.0,1114000.0,1070000.0
566,Ouyen,3490,75000.0,77500.0,105500.0,130000.0,130000.0,93000.0,99000.0,121000.0,155500.0,135000.0
567,Pakenham,3810,335000.0,350000.0,367000.0,400000.0,470000.0,520000.0,485000.0,525000.0,600000.0,655000.0
568,Paradise Beach,3851,163500.0,178000.0,188500.0,200000.0,180000.0,199000.0,200000.0,248000.0,321500.0,407500.0
569,Park Orchards,3114,952500.0,1103000.0,1225000.0,1335000.0,1450000.0,1480000.0,1510000.0,1530000.0,1920000.0,2240000.0
570,Parkdale,3195,760000.0,860000.0,965000.0,1100000.0,1300000.0,1245000.0,1157500.0,1200500.0,1526500.0,1391500.0
571,Parkville,3052,1200000.0,1525000.0,1360500.0,2130000.0,2287500.0,2430000.0,1480000.0,1837500.0,2301500.0,2233000.0
572,Pascoe Vale,3044,580000.0,655000.0,720000.0,805000.0,891000.0,901000.0,855000.0,947500.0,1050000.0,1097500.0
573,Pascoe Vale South,3044,645500.0,701000.0,745000.0,840000.0,975000.0,955000.0,950000.0,1006000.0,1299500.0,1116000.0
574,Patterson Gardens,Unknown,620000.0,672000.0,739000.0,812000.0,885000.0,890000.0,920000.0,970000.0,1155000.0,1282500.0
575,Patterson Lakes,3197,645000.0,734000.0,787500.0,810000.0,1021500.0,1025000.0,924000.0,1100000.0,1317000.0,1287500.0
576,Paynesville,3880,283000.0,300000.0,302500.0,308000.0,336500.0,353000.0,340000.0,392500.0,465000.0,545000.0
577,Pearcedale,3912,385000.0,445000.0,470000.0,534000.0,607000.0,660000.0,660000.0,665000.0,775000.0,985000.0
578,Penshurst,3289,144000.0,132500.0,191000.0,152000.0,125000.0,165000.0,165000.0,175000.0,188500.0,237500.0
579,Peterborough,3270,287500.0,307500.0,296500.0,340000.0,315000.0,450000.0,419000.0,550000.0,660000.0,610000.0
580,Pioneer Bay,3984,200000.0,220000.0,240000.0,216000.0,271500.0,308000.0,310000.0,355000.0,354000.0,550000.0
581,Plenty,3093,773000.0,750000.0,915500.0,935000.0,1145000.0,1350000.0,1301000.0,1202500.0,1610000.0,1600000.0
582,Point Cook,3030,450000.0,445000.0,465000.0,505000.0,590000.0,630000.0,635000.0,664000.0,740000.0,740000.0
583,Point Lonsdale,3225,700000.0,707500.0,655000.0,641000.0,780000.0,840000.0,827500.0,880000.0,1300000.0,1485000.0
584,Poowong,3988,215000.0,218000.0,240000.0,325000.0,293000.0,315000.0,443000.0,412500.0,422500.0,495000.0
585,Porepunkah,3740,347000.0,285000.0,323000.0,330000.0,447000.0,464500.0,530000.0,615000.0,757500.0,1047500.0
586,Port Albert,3971,262500.0,190000.0,197500.0,218500.0,270000.0,240000.0,250000.0,315000.0,425000.0,523500.0
587,Port Campbell,3269,317500.0,285000.0,287500.0,335000.0,330000.0,395000.0,495000.0,473000.0,580000.0,800000.0
588,Port Fairy,3284,400000.0,425000.0,447500.0,473500.0,500000.0,651000.0,620000.0,670000.0,950000.0,1125000.0
589,Port Melbourne,3207,995000.0,917500.0,1252500.0,1380000.0,1485000.0,1488000.0,1400000.0,1595000.0,1805000.0,1617500.0
590,Port Welshpool,3965,201500.0,244000.0,200000.0,380000.0,247500.0,295000.0,315000.0,310000.0,447500.0,489000.0
591,Portarlington,3223,390000.0,414500.0,409000.0,460000.0,515000.0,640000.0,625000.0,690000.0,820000.0,954000.0
592,Portland,3305,235000.0,210000.0,220000.0,220000.0,230000.0,234500.0,266000.0,295000.0,369000.0,443500.0
593,Portland North,3305,300000.0,248000.0,330000.0,340000.0,360000.0,367500.0,276000.0,507000.0,470000.0,295000.0
594,Portsea,3944,1195000.0,1305000.0,1800000.0,1701000.0,1925000.0,2180000.0,1950000.0,2530000.0,3765000.0,4400000.0
595,Prahran,3181,990000.0,1175000.0,1350000.0,1430000.0,1525000.0,1578000.0,1520000.0,1650000.0,1830000.0,1750000.0
596,Preston,3072,632500.0,690000.0,791000.0,882000.0,996000.0,980000.0,940000.0,1030000.0,1250000.0,1252500.0
597,Princes Hill,3054,1216500.0,1210000.0,1280000.0,1555000.0,1767500.0,1650000.0,2035000.0,1600000.0,1992500.0,1582500.0
598,Pyramid Hill,3575,112500.0,117000.0,112500.0,112500.0,112500.0,100000.0,120000.0,117500.0,128000.0,200000.0
599,Quarry Hill,3550,385000.0,355000.0,377500.0,349000.0,362000.0,407500.0,395000.0,430000.0,535500.0,585000.0
600,Queenscliff,3225,630000.0,695000.0,700000.0,795000.0,763000.0,950000.0,950000.0,969000.0,1372000.0,1870000.0
601,Rainbow,3424,62000.0,77000.0,68000.0,59500.0,82500.0,99000.0,75000.0,82000.0,112000.0,142500.0
602,Rawson,3825,160500.0,100000.0,147000.0,151000.0,146500.0,164000.0,156000.0,217500.0,330000.0,290000.0
603,Raymond Island,3880,297500.0,280000.0,285000.0,330000.0,289500.0,360000.0,300000.0,416500.0,450000.0,434500.0
604,Red Cliffs,3496,163000.0,153000.0,175000.0,165000.0,223500.0,211500.0,217500.0,270000.0,311000.0,325000.0
605,Redan,3350,250000.0,245000.0,246500.0,255000.0,287500.0,330000.0,357000.0,387500.0,455000.0,509000.0
606,Research,3095,605500.0,685000.0,686000.0,825500.0,950000.0,915000.0,937500.0,1178000.0,1175500.0,1090000.0
607,Reservoir,3073,510000.0,541000.0,615000.0,710000.0,812500.0,790000.0,754000.0,795500.0,940000.0,966000.0
608,Rhyll,3923,393000.0,482000.0,402000.0,460000.0,527500.0,657500.0,565000.0,579000.0,781500.0,935000.0
609,Richmond,3305,900000.0,961000.0,1150000.0,1265000.0,1302500.0,1312000.0,1260000.0,1365000.0,1480000.0,1385000.0
610,Riddells Creek,3431,450000.0,417500.0,456500.0,500000.0,580000.0,675000.0,702500.0,680000.0,880000.0,962500.0
611,Ringwood,3134,551000.0,660000.0,777500.0,837500.0,910500.0,896500.0,801000.0,900000.0,1018000.0,1032500.0
612,Ringwood East,3135,547000.0,612000.0,750000.0,806000.0,901000.0,881000.0,809000.0,866000.0,1050000.0,1075000.0
613,Ringwood North,3134,631000.0,662000.0,783500.0,844000.0,960500.0,920000.0,871000.0,957500.0,1183000.0,1130000.0
614,Rippleside,3215,585000.0,530000.0,644000.0,739000.0,725000.0,750000.0,825000.0,862000.0,1090000.0,910000.0
615,Ripponlea,3185,985000.0,1000000.0,1360000.0,1700000.0,1787500.0,1564000.0,1350000.0,2001000.0,1892500.0,1650000.0
616,Robinvale,3549,151500.0,160000.0,184500.0,170000.0,197000.0,220000.0,231500.0,235000.0,340000.0,402500.0
617,Rochester,3561,189500.0,215000.0,235000.0,239000.0,242500.0,236000.0,255000.0,237000.0,350000.0,385000.0
618,Rockbank,3335,309000.0,280000.0,300000.0,347000.0,455000.0,500000.0,497000.0,465000.0,565000.0,602500.0
619,Romsey,3434,387500.0,396000.0,420000.0,428000.0,470000.0,550000.0,580500.0,630000.0,780000.0,772500.0
620,Rosanna,3084,717500.0,781500.0,905000.0,980000.0,1175000.0,1100000.0,1032500.0,1122500.0,1372000.0,1250000.0
621,Rosebud,3939,367000.0,365000.0,389000.0,445000.0,536000.0,590000.0,550000.0,595000.0,780000.0,832500.0
622,Rosebud South,Unknown,425000.0,500000.0,515000.0,545000.0,647500.0,711500.0,697000.0,658500.0,949500.0,1275000.0
623,Rosedale,3847,215000.0,215000.0,197000.0,230000.0,247000.0,280000.0,247000.0,252000.0,367500.0,420000.0
624,Rowville,3178,570000.0,617500.0,710000.0,778000.0,867000.0,838000.0,820000.0,838000.0,1005000.0,1075000.0
625,Roxburgh Park,3064,365000.0,385000.0,400000.0,435000.0,515000.0,546000.0,543000.0,572500.0,615000.0,645000.0
626,Rupanyup,3388,75000.0,105000.0,53500.0,75000.0,63500.0,87000.0,100500.0,90000.0,118000.0,220000.0
627,Rushworth,3612,161000.0,158000.0,177000.0,200000.0,192500.0,198000.0,205000.0,226000.0,301000.0,365000.0
628,Rutherglen,3685,232000.0,195000.0,230000.0,255000.0,262000.0,270000.0,282500.0,350000.0,402500.0,490000.0
629,Rye,3941,425000.0,460000.0,488000.0,550000.0,658000.0,705000.0,690000.0,793500.0,1100000.0,1225000.0
630,Safety Beach,3936,515000.0,516500.0,595000.0,665000.0,780000.0,825000.0,810000.0,895000.0,1117000.0,1420000.0
631,Sailors Gully,3556,253000.0,262500.0,235000.0,225000.0,232000.0,290000.0,280000.0,300000.0,390000.0,470000.0
632,Sale,3852,290000.0,300000.0,298000.0,295500.0,300000.0,309500.0,325000.0,345000.0,399500.0,515000.0
633,San Remo,3925,410000.0,407000.0,420000.0,460000.0,497000.0,515000.0,554500.0,597500.0,850000.0,907500.0
634,Sanctuary Lakes,Unknown,480000.0,485000.0,570000.0,503000.0,629000.0,627500.0,625000.0,653500.0,710000.0,730000.0
635,Sandhurst,3977,545000.0,549000.0,617500.0,678500.0,730000.0,837500.0,812500.0,780000.0,950000.0,966000.0
636,Sandringham,3191,1210000.0,1305000.0,1490000.0,1760000.0,1862500.0,1850000.0,1665000.0,1847000.0,2364000.0,2432500.0
637,Sandy Point,3959,352500.0,380000.0,370000.0,359000.0,407500.0,410000.0,410000.0,517500.0,755000.0,820000.0
638,Sassafras,3787,632500.0,556000.0,562000.0,653500.0,775500.0,750000.0,805000.0,770000.0,860000.0,973500.0
639,Sawmill Settlement,3723,259000.0,205500.0,233000.0,350000.0,270000.0,285000.0,441000.0,400000.0,560000.0,565000.0
640,Scoresby,3179,509000.0,570000.0,661000.0,700000.0,878500.0,835000.0,767000.0,785000.0,955000.0,982500.0
641,Sea Lake,3533,80000.0,75000.0,90000.0,75000.0,70000.0,110000.0,100000.0,106500.0,121500.0,160000.0
642,Seabrook,3028,422500.0,402500.0,456000.0,509000.0,635000.0,672500.0,626500.0,652500.0,730000.0,780000.0
643,Seaford,3198,419000.0,450000.0,475000.0,580500.0,700000.0,695000.0,655000.0,700000.0,850000.0,915000.0
644,Seaholme,3018,641000.0,670000.0,802500.0,872500.0,1157500.0,1015000.0,1020000.0,937500.0,1222000.0,1220000.0
645,Seaspray,3851,152000.0,164000.0,240000.0,175000.0,215000.0,210000.0,265000.0,260000.0,334000.0,390000.0
646,Sebastopol,3356,242000.0,235500.0,244500.0,247500.0,256000.0,289500.0,315000.0,341000.0,420000.0,457000.0
647,Seddon,3011,675000.0,730000.0,830000.0,934500.0,982500.0,1018500.0,960000.0,1064500.0,1225000.0,971000.0
648,Selby,3159,420000.0,420000.0,469500.0,527500.0,600000.0,637500.0,601500.0,720000.0,904500.0,820000.0
649,Seville,3139,400000.0,397500.0,450000.0,511500.0,611500.0,634500.0,620000.0,626000.0,770000.0,810000.0
650,Seville East,3139,339500.0,350000.0,395000.0,440000.0,482500.0,551500.0,580000.0,600000.0,720000.0,
651,Seymour,3660,220000.0,213000.0,225000.0,242500.0,277000.0,295000.0,300000.0,325000.0,390000.0,420000.0
652,Shepparton,3630,247000.0,243000.0,250000.0,265000.0,261000.0,275000.0,282000.0,310000.0,370000.0,405000.0
653,Shepparton North,3631,346000.0,375000.0,348000.0,361000.0,347000.0,334000.0,393000.0,379000.0,425000.0,654000.0
654,Shoreham,3916,607000.0,620000.0,903000.0,868500.0,970000.0,1160000.0,1400000.0,1077000.0,1767500.0,1155000.0
655,Silverleaves,3922,508000.0,460500.0,484000.0,446500.0,515000.0,721000.0,618500.0,775000.0,982000.0,2195000.0
656,Skenes Creek,3233,465000.0,435000.0,491500.0,520000.0,517000.0,580000.0,667500.0,815000.0,952500.0,850000.0
657,Skipton,3361,155000.0,117500.0,137000.0,169000.0,187500.0,159500.0,200000.0,219500.0,270000.0,352500.0
658,Skye,3977,395000.0,413000.0,430000.0,479000.0,570000.0,611000.0,597500.0,610000.0,745000.0,812500.0
659,Smiths Beach,3922,372500.0,390000.0,455000.0,470000.0,458500.0,589000.0,624500.0,695000.0,837000.0,976500.0
660,Smythes Creek,3351,,380000.0,380000.0,380000.0,380000.0,426500.0,430000.0,440500.0,500000.0,575000.0
661,Smythesdale,3351,260000.0,207500.0,225000.0,250000.0,315000.0,290000.0,342500.0,475000.0,522500.0,
662,Soldiers Hill,3350,283000.0,341000.0,310000.0,374000.0,423500.0,447500.0,480000.0,557500.0,569000.0,655000.0
663,Somers,3927,657500.0,755000.0,696500.0,755500.0,820000.0,888500.0,950000.0,980000.0,1700000.0,1850000.0
664,Somerville,3912,385000.0,395000.0,425000.0,465000.0,580000.0,615000.0,600000.0,640000.0,780000.0,900000.0
665,Sorrento,3943,770000.0,795000.0,859000.0,1130000.0,1300000.0,1380000.0,1470000.0,1665000.0,2200000.0,2426500.0
666,South Dudley,3995,192000.0,200500.0,221500.0,256000.0,233500.0,270000.0,339000.0,330000.0,445000.0,522000.0
667,South Geelong,3220,420500.0,470000.0,425000.0,495000.0,650000.0,676000.0,702500.0,835000.0,1000000.0,1070000.0
668,South Kingsville,3015,619500.0,671000.0,742000.0,903000.0,980000.0,1000000.0,859000.0,992000.0,1100000.0,1140000.0
669,South Melbourne,3205,1030000.0,1200000.0,1310000.0,1595000.0,1532500.0,1465000.0,1355000.0,1580000.0,1690000.0,1812500.0
670,South Morang,3752,415000.0,420000.0,450000.0,502000.0,610500.0,634000.0,625500.0,640000.0,730000.0,755000.0
671,South Yarra,3141,1352500.0,1450000.0,1700000.0,1890000.0,2035000.0,1851000.0,1850000.0,2010000.0,2217500.0,1650000.0
672,Spotswood,3015,680000.0,640000.0,795000.0,917500.0,1027500.0,1080000.0,950000.0,1000000.0,1220000.0,1380000.0
673,Spring Gully,3550,345000.0,350000.0,350000.0,350000.0,390000.0,400000.0,386500.0,440000.0,552500.0,700000.0
674,Springvale,3171,451500.0,530000.0,629500.0,685000.0,750000.0,780000.0,746500.0,785000.0,853000.0,925000.0
675,Springvale South,3172,430000.0,475000.0,562000.0,630000.0,720000.0,720000.0,679000.0,725000.0,800000.0,800000.0
676,St Albans,3021,350000.0,373500.0,428000.0,500000.0,610000.0,626500.0,591000.0,600000.0,685000.0,702500.0
677,St Albans Park,3219,335000.0,330000.0,329000.0,331000.0,379000.0,450000.0,422000.0,455000.0,600000.0,622500.0
678,St Andrews Beach,3941,480000.0,495000.0,560000.0,695000.0,855000.0,902500.0,930000.0,1207500.0,1710000.0,1595000.0
679,St Arnaud,3478,140000.0,145000.0,141000.0,142500.0,145000.0,145000.0,175000.0,170000.0,225000.0,255000.0
680,St Helena,3088,612500.0,623000.0,711000.0,800000.0,893500.0,910000.0,905000.0,930000.0,1137500.0,
681,St Kilda,3182,892000.0,1225000.0,1164000.0,1305000.0,1551000.0,1755000.0,1600000.0,1330000.0,1662500.0,1515000.0
682,St Kilda East,3183,1050500.0,1037500.0,1382500.0,1677500.0,1460000.0,1620000.0,1560500.0,1650000.0,1828000.0,1200000.0
683,St Kilda West,3182,1142500.0,2235000.0,2013000.0,1797000.0,2380000.0,1942500.0,2465000.0,2630000.0,2750000.0,
684,St Leonards,3223,350000.0,357000.0,375000.0,421500.0,469000.0,571500.0,562500.0,572000.0,702000.0,786000.0
685,Stanhope,3623,150000.0,131000.0,152500.0,147000.0,181000.0,161500.0,187500.0,201500.0,255000.0,222500.0
686,Stawell,3380,162500.0,172500.0,177000.0,177000.0,188000.0,190000.0,189000.0,226000.0,290000.0,321500.0
687,Stratford,3862,230000.0,261500.0,260500.0,272500.0,265000.0,258000.0,316500.0,320000.0,397500.0,463500.0
688,Strathdale,3550,392500.0,380000.0,410500.0,445000.0,380000.0,420000.0,451000.0,507000.0,645000.0,677500.0
689,Strathfieldsaye,3551,377000.0,397500.0,408000.0,425000.0,455000.0,444000.0,476500.0,535000.0,640000.0,710000.0
690,Strathmerton,3641,166000.0,172500.0,190000.0,182500.0,140000.0,187500.0,195000.0,205000.0,265000.0,259000.0
691,Strathmore,3041,827500.0,865000.0,997500.0,1140000.0,1230000.0,1357500.0,1310000.0,1360000.0,1570000.0,1342500.0
692,Strathmore Heights,3041,621000.0,640000.0,700000.0,808000.0,970000.0,885000.0,800000.0,835000.0,962500.0,1137500.0
693,Strathtulloh,3338,350000.0,440000.0,425000.0,430000.0,359000.0,425000.0,507500.0,522500.0,590000.0,642500.0
694,Studfield,3152,532500.0,617500.0,785000.0,853000.0,957500.0,906000.0,811000.0,836000.0,1036500.0,1001000.0
695,Sunbury,3429,355000.0,360000.0,370000.0,395000.0,492000.0,545000.0,533500.0,572000.0,646500.0,655000.0
696,Sunderland Bay,3922,324500.0,333000.0,287000.0,360000.0,357500.0,455000.0,413500.0,525000.0,717000.0,1037500.0
697,Sunnycliffs,3496,195000.0,280000.0,185000.0,220000.0,228000.0,218000.0,229500.0,230000.0,325000.0,277500.0
698,Sunset Strip,3922,301500.0,310000.0,301500.0,340000.0,345000.0,390000.0,460000.0,511000.0,602500.0,835000.0
699,Sunshine,3020,435000.0,483500.0,530500.0,675000.0,765000.0,748500.0,715000.0,750000.0,870000.0,945000.0
700,Sunshine North,3020,400000.0,425500.0,495000.0,560000.0,653000.0,663000.0,635000.0,675000.0,720500.0,734500.0
701,Sunshine West,3020,384500.0,395000.0,450000.0,520000.0,639500.0,635000.0,635000.0,657000.0,745000.0,780000.0
702,Surf Beach,3922,375000.0,360000.0,355000.0,414000.0,425000.0,480000.0,525000.0,559000.0,700000.0,772500.0
703,Surrey Hills,3127,1323000.0,1450000.0,1750000.0,1800500.0,2170000.0,1900000.0,1890000.0,1880000.0,2310000.0,2156000.0
704,Swan Hill,3585,225000.0,230000.0,248000.0,262500.0,252000.0,267000.0,285000.0,319000.0,360000.0,354500.0
705,Swan Reach,3903,230000.0,276000.0,331000.0,455000.0,350000.0,370000.0,450000.0,430000.0,562000.0,764500.0
706,Sydenham,3037,425000.0,415000.0,440000.0,505000.0,590000.0,620000.0,599500.0,635000.0,706000.0,675000.0
707,Syndal,3149,950500.0,1160000.0,1505000.0,1410000.0,1585000.0,1530000.0,1499000.0,1570000.0,1768000.0,2550000.0
708,Tallangatta,3701,154000.0,200000.0,233000.0,216000.0,275000.0,245000.0,257500.0,280000.0,350000.0,432000.0
709,Tarneit,3029,371000.0,395000.0,400000.0,445000.0,515000.0,570000.0,555000.0,568000.0,600000.0,645000.0
710,Tatura,3616,230000.0,237500.0,233000.0,228000.0,262000.0,250000.0,276500.0,303500.0,355000.0,385000.0
711,Tawonga,3697,310000.0,375000.0,235000.0,275000.0,265000.0,354000.0,460000.0,407500.0,459000.0,615000.0
712,Tawonga South,3698,219500.0,235000.0,257500.0,298000.0,254000.0,310000.0,422500.0,380000.0,550000.0,664000.0
713,Taylors Hill,3037,487500.0,510000.0,530000.0,600000.0,686000.0,723000.0,702000.0,754000.0,840000.0,821500.0
714,Taylors Lakes,3038,490000.0,510000.0,561500.0,635000.0,720000.0,763500.0,750000.0,777500.0,880000.0,908500.0
715,Tecoma,3160,415000.0,478000.0,510000.0,601500.0,709000.0,700000.0,662500.0,742500.0,920000.0,929000.0
716,Templestowe,3106,865000.0,951500.0,1180000.0,1260000.0,1415000.0,1308000.0,1292500.0,1381500.0,1602500.0,1644000.0
717,Templestowe Lower,3107,750000.0,830000.0,1060000.0,1105500.0,1302000.0,1150000.0,1080000.0,1186000.0,1430000.0,1624000.0
718,Terang,3264,161500.0,195000.0,206500.0,150000.0,188500.0,194000.0,188500.0,232500.0,307500.0,330000.0
719,The Basin,3154,430000.0,463500.0,550000.0,595000.0,610000.0,682500.0,695000.0,739000.0,872000.0,837500.0
720,The Honeysuckles,3851,214000.0,190000.0,160000.0,237000.0,265000.0,290000.0,336000.0,315000.0,477500.0,502500.0
721,The Patch,3792,393500.0,486500.0,505000.0,570500.0,665000.0,730000.0,755000.0,760000.0,882500.0,807500.0
722,Thomastown,3074,390000.0,420000.0,436000.0,493000.0,653000.0,636000.0,592000.0,621000.0,720000.0,742000.0
723,Thomson (Greater Geelong),Unknown,282000.0,290000.0,290000.0,308500.0,365000.0,411000.0,400500.0,435000.0,585000.0,607000.0
724,Thornbury,3071,729000.0,840000.0,918000.0,1079500.0,1225000.0,1137500.0,1150000.0,1250000.0,1490000.0,1462500.0
725,Thornhill Park,3335,,,,441000.0,447000.0,578000.0,535000.0,540000.0,585000.0,600000.0
726,Timboon,3268,184000.0,210000.0,240000.0,215000.0,220000.0,247000.0,260000.0,412500.0,425000.0,460000.0
727,Tongala,3621,185000.0,179000.0,165000.0,204000.0,200000.0,275000.0,234500.0,236500.0,305000.0,423000.0
728,Toongabbie,3856,234000.0,261500.0,235000.0,315000.0,286500.0,280500.0,315500.0,320000.0,445000.0,525000.0
729,Toora,3962,171500.0,155000.0,230000.0,195000.0,190000.0,241500.0,275000.0,300000.0,430000.0,610000.0
730,Tooradin,3980,420000.0,480000.0,471000.0,411000.0,599000.0,702000.0,700000.0,755000.0,800000.0,684500.0
731,Toorak,3142,2875000.0,3391000.0,3987500.0,4900000.0,5100000.0,4700000.0,4550000.0,5500000.0,5925000.0,4555000.0
732,Tootgarook,3941,387000.0,402500.0,405000.0,460000.0,591000.0,600500.0,586000.0,671000.0,874000.0,980000.0
733,Torquay,3228,580000.0,580000.0,620000.0,665000.0,720000.0,810000.0,815000.0,860000.0,1200000.0,1315000.0
734,Trafalgar,3824,283000.0,311000.0,310000.0,312500.0,333500.0,375000.0,396500.0,435000.0,485000.0,535000.0
735,Traralgon,3844,269000.0,275000.0,273000.0,268000.0,288500.0,298000.0,326500.0,340000.0,408000.0,465000.0
736,Traralgon East,3844,435000.0,440000.0,432500.0,445000.0,455000.0,425000.0,470000.0,501500.0,640000.0,592500.0
737,Travancore,3032,905000.0,848000.0,1100000.0,1305000.0,1415000.0,1475000.0,1125000.0,1617500.0,1800000.0,
738,Trentham,3458,407500.0,340000.0,422500.0,455000.0,475000.0,603000.0,614000.0,620000.0,820000.0,950000.0
739,Truganina,3029,360000.0,390000.0,391000.0,430000.0,519500.0,571500.0,575000.0,580000.0,618000.0,655000.0
740,Tullamarine,3043,395000.0,412000.0,472500.0,530000.0,655000.0,665500.0,612000.0,640000.0,757500.0,845000.0
741,Tyabb,3913,370500.0,366000.0,395000.0,430000.0,510500.0,548000.0,586500.0,590000.0,736000.0,827500.0
742,Underbool,3509,85000.0,75000.0,25000.0,62500.0,60000.0,62500.0,39000.0,62000.0,99000.0,
743,Upper Ferntree Gully,3156,435000.0,500000.0,515000.0,582000.0,685000.0,700000.0,642500.0,735000.0,858000.0,885000.0
744,Upwey,3158,425000.0,476000.0,515000.0,585000.0,680000.0,710000.0,702500.0,760500.0,899000.0,865000.0
745,Ventnor,3922,370000.0,377500.0,423500.0,420000.0,465000.0,490000.0,540000.0,619500.0,770000.0,840000.0
746,Venus Bay,3956,242500.0,237000.0,236000.0,258000.0,262500.0,305000.0,330000.0,375000.0,574500.0,659000.0
747,Vermont,3133,610000.0,725000.0,855000.0,900000.0,1065000.0,980000.0,935500.0,1000000.0,1226500.0,1255000.0
748,Vermont South,3133,722500.0,815000.0,1000000.0,1082500.0,1200500.0,1150000.0,1165000.0,1200000.0,1420000.0,1451000.0
749,Viewbank,3084,630000.0,725000.0,829500.0,920000.0,1000000.0,933000.0,920000.0,985000.0,1233000.0,1215000.0
750,Violet Town,3669,215000.0,199500.0,200000.0,238500.0,217000.0,242500.0,287500.0,328500.0,381500.0,317500.0
751,Wahgunyah,3687,190000.0,213500.0,267000.0,290000.0,270000.0,240000.0,355000.0,320000.0,387000.0,349500.0
752,Walkerville,3956,279000.0,230000.0,246000.0,283500.0,275000.0,266500.0,334500.0,350000.0,461000.0,567000.0
753,Wallan,3756,341500.0,356000.0,362000.0,375000.0,425000.0,490000.0,480000.0,520000.0,580000.0,625000.0
754,Wallan East,Unknown,310000.0,306500.0,309500.0,352500.0,410000.0,502000.0,450000.0,490000.0,583500.0,611000.0
755,Wandana Heights,3216,540000.0,582000.0,590000.0,592500.0,645000.0,700000.0,766500.0,827000.0,925000.0,1030000.0
756,Wandin North,3139,407500.0,439500.0,480000.0,496500.0,665000.0,665000.0,630000.0,715000.0,765000.0,900000.0
757,Wangaratta,3678,240000.0,255000.0,272000.0,270500.0,270000.0,320000.0,319000.0,356500.0,425000.0,530000.0
758,Wantirna,3152,576000.0,667500.0,764000.0,801000.0,953000.0,906500.0,850000.0,910000.0,1065000.0,1105000.0
759,Wantirna South,3152,579000.0,676500.0,829000.0,875000.0,1005000.0,1000000.0,988500.0,1015000.0,1222000.0,1336000.0
760,Warburton,3799,310000.0,315000.0,325000.0,366000.0,418000.0,495000.0,512500.0,543000.0,675000.0,825000.0
761,Warneet,3980,337000.0,355000.0,395000.0,390000.0,485000.0,534000.0,512500.0,600000.0,666000.0,
762,Warracknabeal,3393,107500.0,110000.0,110000.0,123500.0,113000.0,112500.0,118000.0,140000.0,180000.0,214500.0
763,Warragul,3820,315000.0,320000.0,342000.0,340000.0,365000.0,449000.0,460000.0,497500.0,580000.0,648000.0
764,Warrandyte,3113,640000.0,760000.0,829000.0,890000.0,1042500.0,1110000.0,994000.0,996000.0,1285000.0,1320000.0
765,Warranwood,3134,603000.0,665000.0,790000.0,865000.0,943500.0,1010000.0,935000.0,957000.0,1145000.0,1323000.0
766,Warrnambool,3280,325000.0,323000.0,330000.0,320000.0,330000.0,350000.0,370000.0,415000.0,520000.0,587500.0
767,Waterways,3195,667000.0,845000.0,902000.0,1050000.0,1127500.0,1110000.0,1270000.0,1408000.0,1445000.0,1270500.0
768,Watsonia,3087,505000.0,555000.0,607500.0,698000.0,835000.0,795000.0,736000.0,790000.0,961000.0,950000.0
769,Watsonia North,3087,510000.0,572500.0,635000.0,702500.0,790000.0,770000.0,726500.0,795000.0,962500.0,980500.0
770,Wattle Glen,3096,475000.0,500500.0,569000.0,580000.0,620000.0,810000.0,778500.0,810000.0,924000.0,895000.0
771,Waurn Ponds,3216,446500.0,470000.0,480000.0,501000.0,530000.0,621500.0,641500.0,671000.0,727500.0,807500.0
772,Wedderburn,3518,154000.0,137500.0,110000.0,150000.0,155000.0,130000.0,138500.0,150000.0,176500.0,325000.0
773,Weir Views,3338,327500.0,388000.0,389000.0,418000.0,440000.0,470000.0,465000.0,495500.0,530000.0,593500.0
774,Welshpool,3965,166000.0,193000.0,272500.0,180000.0,230000.0,259000.0,300000.0,242500.0,380000.0,400000.0
775,Wendouree,3350,243000.0,247000.0,250000.0,252500.0,267500.0,326000.0,335000.0,370000.0,465000.0,495000.0
776,Wendouree West,Unknown,190000.0,165000.0,207500.0,185000.0,200000.0,245000.0,259000.0,300000.0,380000.0,420000.0
777,Werribee,3030,309000.0,315000.0,335000.0,403000.0,470000.0,510000.0,500000.0,513000.0,575000.0,620500.0
778,Werribee South,3030,538000.0,585000.0,680000.0,540000.0,650000.0,735000.0,744500.0,650000.0,822500.0,685000.0
779,Wesburn,3799,312500.0,288500.0,395000.0,455000.0,455000.0,463500.0,530000.0,532000.0,665000.0,700000.0
780,West Bendigo,3550,259000.0,355000.0,293500.0,270000.0,215000.0,269500.0,241500.0,363500.0,575000.0,
781,West Footscray,3012,553000.0,637500.0,697000.0,798000.0,887500.0,875000.0,785000.0,835000.0,1000000.0,1100000.0
782,West Melbourne,3003,905000.0,916000.0,1005000.0,1104500.0,1350000.0,1370000.0,1017500.0,1215000.0,1260000.0,1166000.0
783,West Wodonga,3690,272500.0,296000.0,306000.0,308500.0,321000.0,322000.0,342500.0,370000.0,429000.0,475000.0
784,Westall,Unknown,513500.0,550000.0,610000.0,696000.0,780000.0,800000.0,744500.0,739000.0,851000.0,905000.0
785,Westgarth,Unknown,920000.0,1100000.0,1300000.0,1500000.0,1383000.0,1707500.0,1492500.0,1566000.0,2075000.0,1915000.0
786,Westmeadows,3049,386500.0,419000.0,470000.0,500000.0,566000.0,620000.0,620000.0,605500.0,715500.0,650000.0
787,Wheelers Hill,3150,740000.0,805000.0,999000.0,1050000.0,1160000.0,1118500.0,1010000.0,1173500.0,1371000.0,1458000.0
788,White Hills,3550,280000.0,306000.0,297500.0,305000.0,300000.0,313500.0,330000.0,355000.0,470000.0,515000.0
789,Whittington,3219,259000.0,262000.0,280000.0,265000.0,316500.0,395000.0,377500.0,404000.0,485000.0,583000.0
790,Whittlesea,3757,375000.0,375000.0,400000.0,448500.0,469500.0,577500.0,580000.0,610000.0,675000.0,797500.0
791,Williams Landing,3027,470000.0,450000.0,510000.0,530000.0,600000.0,685000.0,657000.0,680000.0,760000.0,802500.0
792,Williamstown,3016,920000.0,970000.0,1120000.0,1282500.0,1440000.0,1415000.0,1350000.0,1402500.0,1635500.0,1575500.0
793,Williamstown North,3016,768000.0,803500.0,862500.0,1135500.0,1024000.0,847000.0,950000.0,905000.0,1250000.0,1610000.0
794,Wimbledon Heights,3922,271500.0,310000.0,291500.0,299000.0,334000.0,410000.0,386500.0,435000.0,592000.0,700000.0
795,Winchelsea,3241,287000.0,287500.0,262000.0,267000.0,357000.0,391000.0,430000.0,480000.0,552500.0,593000.0
796,Windsor,3181,835000.0,956500.0,1094000.0,1505000.0,1420000.0,1422500.0,1350000.0,1350000.0,1640000.0,1863000.0
797,Winter Valley,3358,344500.0,360000.0,365000.0,362500.0,375000.0,405000.0,435000.0,470000.0,575000.0,601000.0
798,Wodonga,3690,282500.0,295000.0,295000.0,315000.0,341500.0,350000.0,331000.0,348000.0,440000.0,490000.0
799,Wollert,3750,400000.0,395000.0,432000.0,460000.0,520000.0,538000.0,570000.0,575000.0,640000.0,705000.0
800,Wonga Park,3115,674500.0,673500.0,735000.0,801000.0,962500.0,1150000.0,1111000.0,1077500.0,1230000.0,1410000.0
801,Wonthaggi,3995,225000.0,251000.0,262000.0,265000.0,289000.0,339000.0,375000.0,405000.0,550000.0,547500.0
802,Woodend,3442,470000.0,460000.0,482500.0,460000.0,560000.0,665000.0,747500.0,765000.0,895000.0,937500.0
803,Woolamai Waters,Unknown,349000.0,381500.0,340000.0,375000.0,418000.0,469500.0,495500.0,560000.0,766500.0,818000.0
804,Woori Yallock,3139,330000.0,317000.0,358000.0,391500.0,480000.0,520000.0,510000.0,552000.0,635000.0,615500.0
805,Wurruk,3850,285000.0,222000.0,230000.0,259500.0,235000.0,310000.0,210000.0,267000.0,352500.0,436500.0
806,Wy Yung,3875,285000.0,285000.0,290000.0,333500.0,328000.0,315000.0,349000.0,370000.0,453000.0,395000.0
807,Wycheproof,3527,95000.0,103000.0,100000.0,82500.0,100000.0,124500.0,141500.0,131000.0,170000.0,185000.0
808,Wyndham Vale,3024,288000.0,306000.0,325000.0,365000.0,435500.0,474000.0,460500.0,480000.0,530000.0,575000.0
809,Yackandandah,3749,327500.0,318000.0,300000.0,392500.0,446000.0,472500.0,497500.0,490000.0,669000.0,780000.0
810,Yallambie,3085,532500.0,580000.0,665000.0,713500.0,781000.0,810000.0,792500.0,832500.0,990000.0,910000.0
811,Yallourn North,3825,135000.0,149500.0,153000.0,165500.0,180000.0,172000.0,191000.0,206000.0,263000.0,302500.0
812,Yarra Glen,3775,420000.0,460000.0,530000.0,540000.0,620000.0,670000.0,670000.0,732500.0,850500.0,765000.0
813,Yarra Junction,3797,406500.0,357500.0,417500.0,422500.0,535000.0,562500.0,582500.0,595000.0,687000.0,765000.0
814,Yarragon,3823,258000.0,297000.0,284000.0,300000.0,280000.0,390000.0,410000.0,414000.0,565000.0,595000.0
815,Yarram,3971,190000.0,202500.0,245000.0,230000.0,225000.0,218000.0,240000.0,260000.0,360000.0,452500.0
816,Yarraville,3013,696000.0,710000.0,810000.0,900500.0,1000000.0,1045000.0,971000.0,1030000.0,1185000.0,1350000.0
817,Yarrawonga,3730,302500.0,297000.0,300500.0,320000.0,324500.0,345000.0,375000.0,456500.0,560000.0,695000.0
818,Yea,3755,260000.0,255000.0,260000.0,305000.0,385000.0,390000.0,435500.0,422500.0,560000.0,610000.0
819,Yinnar,3869,220000.0,240000.0,182500.0,230000.0,270000.0,245000.0,255000.0,292500.0,460000.0,562500.0
