,locality,Median 2013,Median 2014,Median 2015,Median 2016,Median 2017,Median 2018,Median 2019,Median 2020,Median 2021,Median 2022,Postcode
0,Abbotsford,792500.0,862500.0,925000.0,1187500.0,1280000.0,1192500.0,1050000.0,1200000.0,1375000.0,1517500.0,3067
1,Aberfeldie,947500.0,1045000.0,1207500.0,1300000.0,1471000.0,1498500.0,1390000.0,1520000.0,1880500.0,1575000.0,3040
2,Aintree,,,600000.0,600000.0,571000.0,557500.0,575000.0,640000.0,719000.0,760000.0,3336
3,Aireys Inlet,664000.0,625500.0,680000.0,715000.0,737500.0,869000.0,985000.0,1132500.0,1775000.0,1750000.0,3231
4,Airport West,532000.0,575000.0,635000.0,742000.0,845000.0,845000.0,795000.0,812500.0,960000.0,919500.0,3042
5,Albanvale,313000.0,328000.0,345000.0,439000.0,526500.0,546000.0,512000.0,545000.0,610000.0,605000.0,3021
6,Albert Park,1360000.0,1503000.0,1700000.0,1775000.0,2150000.0,2070000.0,1990000.0,1895000.0,2300000.0,2076000.0,3206
7,Albion,379000.0,432000.0,481000.0,593000.0,730000.0,755000.0,675000.0,727500.0,830000.0,785000.0,3020
8,Alexandra,261000.0,247500.0,285000.0,275000.0,291500.0,335000.0,325000.0,380000.0,440000.0,545000.0,3714
9,Alfredton,361500.0,362000.0,340500.0,375000.0,412500.0,439000.0,480000.0,512000.0,605000.0,700000.0,3350
10,Allansford,310000.0,242500.0,259000.0,275000.0,280000.0,245000.0,300000.0,371000.0,441500.0,629000.0,3277
11,Alphington,1080000.0,1029000.0,1296500.0,1272500.0,1560000.0,1612500.0,1460000.0,1865000.0,2290000.0,1990000.0,3078
12,Altona,575000.0,646500.0,718000.0,829000.0,950000.0,932500.0,890000.0,917000.0,1160000.0,1018000.0,Unknown
13,Altona East,561000.0,603000.0,650000.0,795000.0,885000.0,902000.0,855000.0,870000.0,1015000.0,1095000.0,3025
14,Altona Meadows,390000.0,413000.0,440000.0,495000.0,625000.0,631500.0,617500.0,640000.0,720000.0,750000.0,3028
15,Altona North,510000.0,555000.0,645000.0,726000.0,828000.0,830000.0,780000.0,830000.0,960000.0,920000.0,3025
16,Anglesea,550000.0,612500.0,635000.0,652500.0,788000.0,870000.0,915000.0,1100000.0,1440000.0,1712500.0,3230
17,Apollo Bay,450000.0,457500.0,435000.0,480000.0,545000.0,555000.0,600000.0,710000.0,914500.0,1160000.0,3233
18,Ararat,180000.0,200000.0,210000.0,204500.0,199000.0,199000.0,215000.0,244000.0,313000.0,340000.0,3377
19,Ardeer,330000.0,360000.0,381500.0,517500.0,595000.0,629000.0,572000.0,615000.0,719000.0,737500.0,3022
20,Armadale,1675000.0,1750000.0,2172500.0,2364000.0,2300000.0,2341500.0,2490000.0,2575000.0,2585000.0,2721000.0,Unknown
21,Armstrong Creek,467500.0,441500.0,440000.0,450000.0,471000.0,535000.0,529500.0,547000.0,660000.0,721000.0,3217
22,Ascot (Greater Bendigo),349500.0,344500.0,349000.0,370000.0,358000.0,380000.0,415500.0,470000.0,562500.0,555000.0,Unknown
23,Ascot Vale,735000.0,810000.0,885000.0,1010000.0,1185000.0,1197500.0,1098500.0,1270000.0,1315000.0,1270000.0,3032
24,Ashburton,1000000.0,1200000.0,1435000.0,1567500.0,1812500.0,1712500.0,1641500.0,1600000.0,2000000.0,2225000.0,3147
25,Ashwood,775000.0,888000.0,1140000.0,1230000.0,1359000.0,1210000.0,1100000.0,1250500.0,1442500.0,1410000.0,3147
26,Aspendale,620000.0,690000.0,795500.0,891000.0,1125000.0,980000.0,988000.0,1120000.0,1300000.0,1350000.0,Unknown
27,Aspendale Gardens,586500.0,632000.0,715000.0,775000.0,882500.0,935000.0,844000.0,970000.0,1131000.0,1157000.0,3195
28,Attwood,540000.0,515000.0,620000.0,660000.0,742500.0,750000.0,767500.0,750000.0,970000.0,703000.0,3049
29,Avenel,231000.0,302000.0,245000.0,250000.0,355000.0,349000.0,370000.0,450000.0,455000.0,515000.0,3664
30,Avoca,182500.0,180000.0,182500.0,165000.0,212500.0,220000.0,219500.0,290000.0,325000.0,375000.0,3467
31,Avondale Heights,532500.0,560000.0,650000.0,750000.0,845500.0,830000.0,810000.0,842500.0,970000.0,990000.0,3034
32,Avonsleigh,420000.0,355000.0,397500.0,501000.0,562000.0,540000.0,532500.0,615000.0,752500.0,705000.0,3782
33,Bacchus Marsh,335500.0,348000.0,355000.0,376000.0,415500.0,480000.0,500000.0,520000.0,596500.0,620000.0,3340
34,Badger Creek,315000.0,325000.0,345000.0,379000.0,465000.0,500000.0,498000.0,550000.0,665000.0,700000.0,3777
35,Bairnsdale,235000.0,244000.0,246500.0,255000.0,272500.0,279000.0,274000.0,290000.0,350000.0,425000.0,Unknown
36,Balaclava,860500.0,942000.0,1100000.0,1242500.0,1385500.0,1196000.0,1350000.0,1390000.0,1550000.0,1660000.0,3183
37,Balcombe,712500.0,737000.0,871000.0,950000.0,1100000.0,1240000.0,1125000.0,1300000.0,1750000.0,1852500.0,Unknown
38,Ballan,352000.0,330000.0,359000.0,370000.0,417000.0,462000.0,450000.0,505000.0,603500.0,661000.0,Unknown
39,Ballarat Central,322000.0,327500.0,353000.0,385000.0,430000.0,447500.0,515000.0,560000.0,700000.0,710000.0,3350
40,Ballarat East,265000.0,265000.0,275000.0,295000.0,310000.0,340000.0,360000.0,398000.0,487500.0,540000.0,3350
41,Ballarat North,296000.0,312000.0,315000.0,339500.0,346500.0,389000.0,415000.0,425000.0,566500.0,635000.0,3350
42,Balnarring,525000.0,544000.0,595000.0,670000.0,815000.0,814500.0,825000.0,938500.0,1275000.0,1306500.0,Unknown
43,Balnarring Beach,750000.0,700000.0,887500.0,904000.0,890000.0,1115000.0,1275000.0,1250000.0,1570000.0,1847500.0,3926
44,Balwyn,1530000.0,1780000.0,2210000.0,2180000.0,2340000.0,2420000.0,2385000.0,2260000.0,2750000.0,2716500.0,Unknown
45,Balwyn North,1240000.0,1452000.0,1850000.0,1800000.0,1950000.0,1810000.0,1720000.0,1887500.0,2255500.0,1976500.0,3104
46,Bandiana,339000.0,355000.0,377500.0,370000.0,375000.0,390000.0,374000.0,380000.0,447000.0,449500.0,3691
47,Bannockburn,370000.0,405000.0,393000.0,382000.0,430000.0,487500.0,530000.0,555000.0,680000.0,720000.0,3331
48,Baranduda,345000.0,330000.0,323000.0,350000.0,350000.0,403500.0,395000.0,430500.0,487000.0,683000.0,3691
49,Barnawartha,245000.0,220000.0,305000.0,245000.0,312000.0,280000.0,316000.0,345000.0,358500.0,405000.0,Unknown
50,Barwon Heads,742500.0,715000.0,775000.0,842500.0,916000.0,965000.0,1023000.0,1285000.0,1557000.0,1667500.0,3227
51,Baxter,330500.0,325000.0,340000.0,403000.0,530000.0,542500.0,530000.0,567500.0,710000.0,787500.0,3911
52,Bayswater,458500.0,525000.0,632500.0,693000.0,800500.0,753000.0,720000.0,747000.0,872500.0,936500.0,Unknown
53,Bayswater North,468500.0,490000.0,580000.0,628000.0,737500.0,713000.0,695000.0,731000.0,860000.0,868500.0,3153
54,Beaconsfield,486500.0,525000.0,559000.0,585000.0,694500.0,730000.0,685000.0,711000.0,892000.0,891000.0,Unknown
55,Beaconsfield Upper,470000.0,507500.0,602500.0,630000.0,725500.0,903500.0,787500.0,818000.0,900000.0,1205000.0,3808
56,Beaufort,186000.0,220000.0,205000.0,237500.0,220000.0,225000.0,242500.0,325000.0,390000.0,380000.0,3373
57,Beaumaris,1074000.0,1129500.0,1345000.0,1455000.0,1611000.0,1674000.0,1587500.0,1725000.0,2100000.0,2060000.0,3193
58,Beeac,157500.0,162500.0,158000.0,148000.0,200500.0,191500.0,180000.0,265000.0,345500.0,,3251
59,Beechworth,295000.0,295000.0,332000.0,345000.0,399000.0,400000.0,478500.0,487500.0,645000.0,645000.0,3747
60,Belgrave,410000.0,426000.0,482500.0,545000.0,620000.0,676000.0,636000.0,680000.0,782500.0,913000.0,Unknown
61,Belgrave Heights,430000.0,480000.0,590500.0,624000.0,687500.0,701500.0,685000.0,737500.0,902500.0,1167000.0,3160
62,Belgrave South,548000.0,541000.0,555500.0,565000.0,689000.0,782500.0,665500.0,845000.0,1085000.0,885000.0,3160
63,Bell Park,314000.0,323500.0,340000.0,360000.0,400000.0,452500.0,482000.0,500000.0,620000.0,560000.0,3215
64,Bell Post Hill,328000.0,333500.0,344500.0,355000.0,435000.0,487000.0,475000.0,508500.0,657500.0,707500.0,3215
65,Bellfield (Banyule),516000.0,582500.0,700000.0,778000.0,897000.0,882500.0,790000.0,800000.0,973000.0,,Unknown
66,Belmont,360000.0,362000.0,395000.0,430000.0,500000.0,545000.0,545000.0,605000.0,730000.0,745000.0,3216
67,Benalla,228000.0,235500.0,222500.0,231500.0,250000.0,284000.0,290000.0,302000.0,394000.0,415000.0,3672
68,Bendigo,340000.0,376500.0,372000.0,400000.0,400000.0,400000.0,420000.0,500000.0,602500.0,660000.0,Unknown
69,Bentleigh,900000.0,1050000.0,1245000.0,1380000.0,1470000.0,1394000.0,1376000.0,1510000.0,1748500.0,1680000.0,Unknown
70,Bentleigh East,750000.0,850000.0,1000500.0,1115000.0,1256000.0,1205000.0,1200000.0,1252500.0,1470000.0,1528000.0,3165
71,Berwick,453000.0,487500.0,535000.0,583000.0,670000.0,691000.0,672000.0,700000.0,830000.0,862500.0,3806
72,Beveridge,396000.0,351500.0,400000.0,430000.0,495000.0,540000.0,590000.0,540000.0,642500.0,684000.0,3753
73,Birchip,120000.0,90000.0,121500.0,55000.0,100000.0,100000.0,108500.0,121500.0,130000.0,180000.0,Unknown
74,Birregurra,255000.0,337500.0,302500.0,345000.0,382500.0,412500.0,463000.0,489500.0,692500.0,807500.0,3242
75,Bittern,402000.0,390000.0,382500.0,464000.0,526500.0,650000.0,577500.0,630000.0,748000.0,872500.0,3918
76,Black Hill,283500.0,321500.0,300000.0,315000.0,370000.0,405000.0,492500.0,491000.0,550000.0,650000.0,3350
77,Black Rock,1225000.0,1400000.0,1545000.0,1745000.0,2017500.0,2023000.0,1793000.0,1900000.0,2547500.0,2925000.0,Unknown
78,Blackburn,860500.0,936000.0,1200500.0,1241000.0,1410000.0,1370500.0,1305000.0,1408000.0,1638500.0,1845500.0,Unknown
79,Blackburn North,692000.0,790000.0,921500.0,1040000.0,1140500.0,1038000.0,1017500.0,1090000.0,1300000.0,1430500.0,3130
80,Blackburn South,697500.0,780000.0,920500.0,1050000.0,1200000.0,1063500.0,1034000.0,1100500.0,1338500.0,1325000.0,3130
81,Blackwood,310000.0,266000.0,260000.0,291000.0,403000.0,326500.0,372500.0,477500.0,610000.0,730000.0,Unknown
82,Blairgowrie,609000.0,627500.0,621500.0,770000.0,883000.0,990500.0,921500.0,1142000.0,1550000.0,1670000.0,3942
83,Blind Bight,362500.0,343000.0,401000.0,440000.0,514000.0,546000.0,552500.0,570000.0,668500.0,700000.0,3980
84,Bonbeach,580000.0,635000.0,700000.0,778000.0,882500.0,910000.0,855000.0,930000.0,1100000.0,1191000.0,3196
85,Bonnie Doon,250000.0,275000.0,290000.0,290000.0,315000.0,417500.0,410000.0,372500.0,565000.0,762500.0,3720
86,Bonshaw,,309000.0,309000.0,322500.0,235000.0,400000.0,379000.0,435000.0,523500.0,585000.0,3352
87,Boolarra,196500.0,260000.0,212500.0,202500.0,255000.0,250000.0,247500.0,255000.0,355000.0,,Unknown
88,Boort,157500.0,162500.0,130000.0,200500.0,215000.0,180000.0,185000.0,165000.0,240000.0,215000.0,3537
89,Boronia,459500.0,500500.0,592500.0,648500.0,735000.0,742500.0,680000.0,715000.0,845000.0,852500.0,3155
90,Botanic Ridge,492000.0,519000.0,565000.0,600000.0,690000.0,730000.0,700000.0,726000.0,880000.0,875000.0,3977
91,Box Hill,855000.0,1067000.0,1350000.0,1360500.0,1738000.0,1700500.0,1536500.0,1512500.0,1630500.0,1290000.0,Unknown
92,Box Hill North,746000.0,856500.0,1060000.0,1146000.0,1321000.0,1188000.0,1200000.0,1187500.0,1325000.0,1466000.0,3129
93,Box Hill South,785000.0,910000.0,1153000.0,1255000.0,1409000.0,1285500.0,1177500.0,1255000.0,1553000.0,1448000.0,3128
94,Braybrook,424000.0,479500.0,550000.0,629000.0,665000.0,728500.0,646500.0,670000.0,760000.0,840000.0,3019
95,Breakwater,255000.0,251500.0,267500.0,277500.0,335000.0,385000.0,405000.0,410000.0,534500.0,593500.0,3219
96,Briagolong,226000.0,200000.0,215000.0,265000.0,257000.0,264000.0,315000.0,277500.0,400000.0,,3860
97,Briar Hill,572500.0,633000.0,680000.0,721500.0,833000.0,880000.0,823500.0,863000.0,1015000.0,1212500.0,3088
98,Bridgewater On Loddon,180000.0,190000.0,245000.0,269000.0,276000.0,288000.0,265000.0,290000.0,360000.0,340000.0,3516
99,Bright,325000.0,339500.0,392500.0,429500.0,495000.0,590000.0,580000.0,700000.0,911000.0,1225000.0,Unknown
100,Brighton,1802500.0,1940000.0,2302500.0,2740000.0,3050000.0,2888000.0,2662500.0,3136000.0,3478000.0,2938000.0,Unknown
101,Brighton East,1230000.0,1300000.0,1600000.0,1750000.0,1900000.0,1880000.0,1700000.0,1965000.0,2250000.0,2160000.0,3187
102,Broadford,291000.0,267000.0,270000.0,287500.0,330000.0,396500.0,415000.0,454000.0,505000.0,594000.0,3658
103,Broadmeadows,325000.0,345000.0,370000.0,416500.0,546000.0,575000.0,526000.0,554500.0,595000.0,600000.0,3047
104,Brookfield,330000.0,350500.0,340000.0,360000.0,425000.0,491500.0,445000.0,500000.0,537500.0,588500.0,3338
105,Brooklyn,491500.0,540000.0,602000.0,700500.0,834000.0,695000.0,672500.0,700000.0,850000.0,749500.0,3012
106,Brown Hill,310000.0,281500.0,270000.0,338000.0,350000.0,405000.0,449000.0,487500.0,600000.0,630000.0,3350
107,Brunswick,750000.0,815000.0,860500.0,946000.0,1200000.0,1100000.0,1033500.0,1100000.0,1350000.0,1325000.0,Unknown
108,Brunswick East,767000.0,819500.0,888000.0,998000.0,1150000.0,1170000.0,1011500.0,1283000.0,1420000.0,1360000.0,3057
109,Brunswick West,745000.0,790000.0,866500.0,1005000.0,1155000.0,1160000.0,1061500.0,1177500.0,1361000.0,1275000.0,3055
110,Bruthen,198000.0,182500.0,205000.0,207000.0,229500.0,261000.0,229000.0,345000.0,285000.0,389000.0,3885
111,Bulleen,780000.0,861000.0,1095000.0,1170000.0,1300000.0,1230000.0,1105000.0,1177000.0,1360000.0,1341000.0,3105
112,Bundalong,337500.0,336500.0,372500.0,425000.0,373000.0,462000.0,515000.0,725000.0,674500.0,3400000.0,Unknown
113,Bundoora,530000.0,553500.0,600500.0,652000.0,753000.0,730000.0,732500.0,745000.0,867500.0,846500.0,3083
114,Buninyong,348000.0,385000.0,364500.0,381000.0,470000.0,467500.0,475000.0,587500.0,666000.0,750000.0,3357
115,Bunyip,332500.0,325000.0,420000.0,357500.0,437500.0,550000.0,500500.0,541500.0,652500.0,750000.0,Unknown
116,Burnley,836000.0,1100000.0,999000.0,1215000.0,1405000.0,1277500.0,1188500.0,1497500.0,1595000.0,1850000.0,Unknown
117,Burnside,390000.0,401000.0,415000.0,518500.0,572500.0,605000.0,605000.0,660000.0,720000.0,754500.0,Unknown
118,Burnside Heights,427000.0,442500.0,460000.0,522000.0,590000.0,633000.0,591000.0,652500.0,701000.0,713500.0,3023
119,Burwood,780000.0,921000.0,1190000.0,1219000.0,1357000.0,1320000.0,1168000.0,1277500.0,1430000.0,1380000.0,Unknown
120,Burwood East,685500.0,782000.0,982500.0,1021000.0,1126500.0,1005000.0,1032500.0,1052000.0,1252000.0,1300000.0,3151
121,Cairnlea,480000.0,545000.0,540000.0,608500.0,710000.0,734000.0,752500.0,807500.0,850000.0,781000.0,3023
122,California Gully,252500.0,262000.0,255000.0,255000.0,250000.0,275000.0,287000.0,318000.0,415000.0,438000.0,3556
123,Camberwell,1382000.0,1655000.0,1912500.0,2090000.0,2300000.0,2155000.0,2070000.0,2085000.0,2563500.0,2403000.0,Unknown
124,Campbellfield,330000.0,338000.0,374500.0,420000.0,507000.0,550000.0,533000.0,537500.0,600000.0,636000.0,3061
125,Campbells Creek,382000.0,345000.0,387500.0,426500.0,380000.0,460500.0,500000.0,522500.0,650000.0,695000.0,3451
126,Camperdown,220000.0,186000.0,218000.0,217500.0,240000.0,235000.0,280000.0,295000.0,362500.0,404000.0,3260
127,Canadian,322500.0,297000.0,345000.0,339000.0,334500.0,373000.0,375000.0,422500.0,490000.0,568000.0,3350
128,Canterbury,1950000.0,2100000.0,2523000.0,2620000.0,3140000.0,2533000.0,2902500.0,2705000.0,3340000.0,3180000.0,3126
129,Cape Paterson,337000.0,332000.0,350000.0,358000.0,407500.0,442000.0,540000.0,635500.0,782500.0,948000.0,3995
130,Cape Schanck,620000.0,557500.0,660000.0,667500.0,972500.0,845000.0,940000.0,1095500.0,1365000.0,952500.0,3939
131,Capel Sound,350000.0,366000.0,390000.0,445000.0,542500.0,550000.0,520000.0,580000.0,775000.0,850000.0,3940
132,Carisbrook,218500.0,238500.0,200000.0,200000.0,245000.0,232500.0,300000.0,301500.0,364000.0,555000.0,3464
133,Carlton,1002500.0,1020000.0,830000.0,1050000.0,1470000.0,1625000.0,1308000.0,1452500.0,1492500.0,1600000.0,Unknown
134,Carlton North,890500.0,1095000.0,1177500.0,1360000.0,1628000.0,1445000.0,1555000.0,1500000.0,1670000.0,1640000.0,3054
135,Carnegie,865000.0,1007500.0,1300000.0,1348500.0,1510000.0,1445000.0,1313500.0,1420500.0,1781000.0,1450000.0,3163
136,Caroline Springs,435000.0,460000.0,480000.0,530000.0,611000.0,620000.0,620000.0,650000.0,720000.0,731000.0,3023
137,Carrum,510000.0,536000.0,611000.0,750000.0,835500.0,860000.0,770000.0,830000.0,952500.0,916500.0,Unknown
138,Carrum Downs,330000.0,346000.0,370000.0,430000.0,525000.0,575000.0,537000.0,577000.0,675000.0,728000.0,3201
139,Casterton,97500.0,99000.0,100000.0,126500.0,142000.0,132500.0,150000.0,161500.0,200000.0,195000.0,3311
140,Castlemaine,372500.0,369500.0,380000.0,410000.0,435000.0,499000.0,520000.0,555000.0,675500.0,718000.0,3450
141,Caulfield,1172500.0,1322000.0,1650000.0,1715000.0,1885000.0,1701000.0,1762500.0,1818500.0,2060000.0,1890000.0,Unknown
142,Caulfield North,1415000.0,1480000.0,1875000.0,2181000.0,2285000.0,1933500.0,2112000.0,2350000.0,2565000.0,2755000.0,3161
143,Caulfield South,1050000.0,1200000.0,1375000.0,1517500.0,1690000.0,1600000.0,1494500.0,1747500.0,1950000.0,1800000.0,3162
144,Chadstone,719000.0,823500.0,925000.0,1017500.0,1131000.0,1050000.0,958000.0,1105000.0,1255000.0,1192500.0,Unknown
145,Charlemont,,,,,157000.0,455000.0,465000.0,530000.0,627500.0,677500.0,3217
146,Charlton,120000.0,131000.0,179500.0,160000.0,136000.0,150000.0,147000.0,149500.0,195000.0,270000.0,3525
147,Chelsea,577500.0,580000.0,730000.0,890000.0,914000.0,905000.0,856500.0,980000.0,1193500.0,1205000.0,Unknown
148,Chelsea Heights,465000.0,513000.0,598000.0,641000.0,750000.0,778000.0,750000.0,805000.0,977500.0,985000.0,3196
149,Cheltenham,695000.0,775000.0,867000.0,940500.0,1171000.0,1105000.0,1035000.0,1130000.0,1308000.0,1518500.0,Unknown
150,Cheltenham East,600000.0,670000.0,770000.0,867500.0,982500.0,940000.0,940000.0,1010500.0,1190000.0,1138500.0,3192
151,Cheltenham North,584000.0,662000.0,745000.0,900000.0,1025000.0,925000.0,913000.0,922500.0,1057500.0,886000.0,Unknown
152,Chewton,312500.0,296000.0,369000.0,403500.0,320000.0,435000.0,439500.0,605000.0,672500.0,1550000.0,Unknown
153,Chiltern,171500.0,187500.0,220000.0,250000.0,238500.0,260000.0,223500.0,321000.0,330000.0,392000.0,Unknown
154,Chirnside Park,450000.0,490500.0,542500.0,627000.0,735000.0,700000.0,680500.0,757000.0,900000.0,950000.0,3116
155,Churchill,182000.0,178500.0,172500.0,182000.0,175000.0,180000.0,185000.0,226000.0,305000.0,361000.0,Unknown
156,Clarinda,525000.0,606500.0,682500.0,751000.0,866000.0,802500.0,820000.0,851500.0,1024500.0,1173000.0,3169
157,Clayton,645000.0,750000.0,976000.0,1010500.0,1250000.0,1255000.0,1158000.0,1055000.0,1200000.0,1082500.0,Unknown
158,Clayton North,630000.0,850000.0,1075000.0,1100000.0,1234500.0,1330000.0,1377500.0,1330000.0,1300000.0,1107500.0,Unknown
159,Clayton South,522500.0,580000.0,690000.0,755000.0,850000.0,850000.0,832000.0,830000.0,980000.0,1032500.0,3169
160,Clifton Hill,867000.0,965000.0,1085000.0,1220000.0,1390000.0,1364500.0,1348000.0,1375000.0,1750000.0,1670000.0,3068
161,Clifton Springs,336000.0,342000.0,345000.0,365000.0,420000.0,472000.0,485000.0,518500.0,665000.0,740000.0,3222
162,Clunes,219000.0,237500.0,245000.0,255000.0,263000.0,354000.0,320000.0,360000.0,440000.0,510000.0,3370
163,Clyde,397000.0,406000.0,397000.0,435000.0,430000.0,505000.0,545000.0,575000.0,636000.0,700000.0,Unknown
164,Clyde North,409000.0,380000.0,410000.0,491000.0,550000.0,595000.0,570000.0,605000.0,680000.0,750000.0,3978
165,Cobblebank,335500.0,323000.0,318000.0,328000.0,374000.0,460000.0,480000.0,510000.0,562500.0,646500.0,3338
166,Cobden,162500.0,145000.0,178500.0,177000.0,263000.0,225000.0,237000.0,272000.0,339500.0,303000.0,3266
167,Cobram,218000.0,230000.0,236000.0,265000.0,255000.0,255000.0,272500.0,300000.0,370000.0,375000.0,Unknown
168,Coburg,633000.0,710000.0,778000.0,876000.0,1000000.0,968000.0,935500.0,1096000.0,1255000.0,1262500.0,Unknown
169,Coburg East,560000.0,597500.0,675000.0,765000.0,861000.0,841500.0,825000.0,975000.0,1102000.0,1015000.0,Unknown
170,Coburg North,538500.0,600000.0,665000.0,780000.0,821000.0,814000.0,805000.0,912500.0,1017000.0,1081000.0,3058
171,Cockatoo,355000.0,365000.0,385500.0,430000.0,539500.0,591000.0,580000.0,610000.0,730500.0,850000.0,3781
172,Cohuna,139000.0,175000.0,175000.0,157500.0,180000.0,177500.0,204000.0,232500.0,260000.0,275000.0,3568
173,Colac,226500.0,235000.0,246500.0,259500.0,282500.0,320000.0,315000.0,350000.0,420000.0,517500.0,Unknown
174,Coldstream,385000.0,405000.0,441000.0,521000.0,597500.0,660000.0,635000.0,648000.0,767000.0,800000.0,3770
175,Coleraine,118000.0,95000.0,96000.0,90000.0,133000.0,114000.0,144000.0,127000.0,172000.0,299000.0,3315
176,Collingwood,741000.0,775000.0,914000.0,920000.0,1205000.0,1097500.0,1060000.0,1155000.0,1251500.0,1289000.0,Unknown
177,Connewarre,612500.0,722500.0,800000.0,892000.0,955000.0,1200000.0,1345000.0,1647500.0,1625000.0,2842500.0,3227
178,Coolaroo,290000.0,290000.0,302500.0,340000.0,451000.0,480000.0,441000.0,477000.0,500000.0,550000.0,3048
179,Coonans Hill,655000.0,732000.0,743000.0,870000.0,963000.0,927000.0,902500.0,1055000.0,1213000.0,1280500.0,Unknown
180,Coongulla,150000.0,205000.0,189000.0,185000.0,192000.0,242000.0,335000.0,285000.0,280000.0,292500.0,3860
181,Corinella,330000.0,270000.0,370000.0,325000.0,391000.0,450000.0,357500.0,510000.0,670000.0,1490500.0,3984
182,Corio,230000.0,242000.0,240000.0,250000.0,305000.0,370000.0,351500.0,390000.0,458000.0,524000.0,3214
183,Coronet Bay,251000.0,249000.0,240000.0,266000.0,325500.0,345000.0,370000.0,407500.0,522500.0,640000.0,3984
184,Corryong,166500.0,135000.0,160000.0,164000.0,180000.0,162500.0,236000.0,226500.0,240000.0,287500.0,3707
185,Cowes,385000.0,357500.0,412500.0,400000.0,440000.0,541000.0,560000.0,589500.0,876500.0,1067500.0,3922
186,Cowes West,320000.0,350000.0,329000.0,353500.0,390000.0,485500.0,508000.0,545000.0,702500.0,825000.0,Unknown
187,Craigieburn,360000.0,362000.0,390000.0,425000.0,502500.0,546500.0,525000.0,560000.0,620000.0,668000.0,3064
188,Cranbourne,315000.0,331500.0,360000.0,406000.0,510000.0,540000.0,500000.0,510500.0,618000.0,670000.0,Unknown
189,Cranbourne East,390000.0,410000.0,437000.0,460000.0,535000.0,574500.0,567000.0,590000.0,662500.0,720000.0,3977
190,Cranbourne North,370000.0,375000.0,410000.0,455000.0,541000.0,600000.0,570000.0,587500.0,653000.0,715000.0,3977
191,Cranbourne South,,455000.0,685000.0,685000.0,600000.0,425000.0,632500.0,634000.0,710000.0,780000.0,3977
192,Cranbourne West,330000.0,335000.0,350000.0,410000.0,510500.0,540000.0,508000.0,530000.0,625000.0,696000.0,3977
193,Cremorne,821000.0,886500.0,1030000.0,1072000.0,1230000.0,1420000.0,1290000.0,1405000.0,1500000.0,1777500.0,3121
194,Creswick,245000.0,270000.0,265000.0,292500.0,311500.0,324000.0,350000.0,387500.0,500000.0,520000.0,Unknown
195,Crib Point,355000.0,339000.0,350000.0,402000.0,502500.0,555000.0,527500.0,580000.0,740000.0,870000.0,3919
196,Croydon,470000.0,525000.0,605000.0,695000.0,810000.0,792500.0,735000.0,787500.0,920000.0,910500.0,Unknown
197,Croydon Hills,571500.0,606000.0,697000.0,730000.0,875000.0,877500.0,835000.0,920000.0,1100000.0,1120000.0,3136
198,Croydon North,540500.0,600000.0,702500.0,790500.0,872000.0,840000.0,827500.0,860500.0,1050000.0,1188000.0,3136
199,Croydon South,442000.0,530000.0,600000.0,655000.0,800000.0,757500.0,715500.0,740000.0,895000.0,887500.0,3136
200,Curlewis,385500.0,382500.0,387000.0,406500.0,430000.0,495000.0,565000.0,572500.0,646500.0,693000.0,3222
201,Dallas,280000.0,295000.0,321500.0,345000.0,430000.0,490000.0,451500.0,467500.0,525000.0,535000.0,3047
202,Dalyston,245000.0,260000.0,257000.0,255000.0,273500.0,305000.0,373000.0,421000.0,536000.0,567500.0,3992
203,Dandenong,405000.0,439000.0,485000.0,555500.0,620000.0,640000.0,601000.0,630000.0,700000.0,715000.0,Unknown
204,Dandenong North,390000.0,415500.0,481000.0,551000.0,633500.0,640000.0,606500.0,640000.0,729500.0,750000.0,3175
205,Darley,330500.0,360000.0,377500.0,371500.0,430000.0,505000.0,520000.0,500000.0,611500.0,685000.0,3340
206,Daylesford,385000.0,401500.0,442500.0,464000.0,502000.0,552500.0,592500.0,692500.0,832500.0,895000.0,3460
207,Deanside,,,,,340000.0,352500.0,335000.0,650000.0,600000.0,604500.0,3336
208,Deepdene,1981000.0,2215000.0,2750000.0,2600000.0,2862500.0,2692500.0,2858000.0,3150000.0,3190000.0,3328000.0,3103
209,Deer Park,348000.0,365000.0,390000.0,441000.0,552500.0,580000.0,550000.0,580000.0,630000.0,648000.0,Unknown
210,Delacombe,280000.0,292000.0,290000.0,319000.0,325000.0,360000.0,390000.0,410000.0,523000.0,550000.0,3356
211,Delahey,372500.0,370000.0,400000.0,458000.0,545000.0,575000.0,530000.0,575000.0,645000.0,664000.0,3037
212,Dennington,320000.0,315000.0,345000.0,342500.0,345000.0,355000.0,360000.0,395000.0,492500.0,630000.0,3280
213,Derrimut,417000.0,435000.0,466000.0,530000.0,635000.0,615000.0,649000.0,658000.0,715000.0,747000.0,3026
214,Derrinallum,97000.0,174000.0,125000.0,150000.0,162000.0,122500.0,221500.0,250000.0,270500.0,291000.0,3325
215,Diamond Creek,513000.0,550000.0,580000.0,646500.0,755000.0,782500.0,750500.0,797500.0,1005000.0,1050000.0,3089
216,Diggers Rest,280000.0,325000.0,325000.0,360000.0,440500.0,500000.0,515000.0,560000.0,611500.0,657500.0,3427
217,Dimboola,89000.0,90500.0,109500.0,116000.0,122500.0,130000.0,120000.0,154000.0,200000.0,252500.0,3414
218,Dingley Village,553500.0,607000.0,690000.0,775500.0,887000.0,840500.0,810000.0,930000.0,1050000.0,1230000.0,3172
219,Dinner Plain,390000.0,309000.0,359000.0,400000.0,412500.0,510000.0,520000.0,565000.0,757500.0,900000.0,3898
220,Donald,140000.0,120000.0,125000.0,145000.0,122000.0,145000.0,136000.0,145000.0,168500.0,225000.0,3480
221,Doncaster,850000.0,999000.0,1176000.0,1297500.0,1366500.0,1320000.0,1270000.0,1280000.0,1496000.0,1572500.0,Unknown
222,Doncaster East,789000.0,894500.0,1113500.0,1230000.0,1360000.0,1222000.0,1198000.0,1255000.0,1500000.0,1570500.0,3109
223,Donnybrook,,,,,,530000.0,540000.0,620000.0,607000.0,665000.0,3064
224,Donvale,735000.0,840000.0,964000.0,970000.0,1201000.0,1182500.0,1140000.0,1195000.0,1350000.0,1318000.0,3111
225,Doreen,415000.0,430000.0,440000.0,470500.0,550000.0,601000.0,598000.0,625000.0,707000.0,721000.0,3754
226,Doveton,302000.0,310500.0,348000.0,405000.0,490000.0,543500.0,471500.0,500000.0,588000.0,625000.0,3177
227,Dromana,462000.0,492000.0,552000.0,583000.0,690000.0,786000.0,715000.0,762500.0,987500.0,999000.0,3936
228,Drouin,300000.0,311000.0,320000.0,347000.0,390000.0,455000.0,440000.0,470000.0,570000.0,622000.0,Unknown
229,Drumcondra,802500.0,742000.0,787500.0,777500.0,858500.0,1025500.0,900000.0,1157500.0,1665000.0,,3215
230,Drysdale,390000.0,405000.0,410000.0,409000.0,436500.0,515000.0,575500.0,585000.0,690000.0,805000.0,3222
231,Dunkeld,210000.0,177500.0,191500.0,207500.0,210000.0,297500.0,225000.0,287500.0,575500.0,,3294
232,Dunolly,182500.0,170000.0,167500.0,180000.0,179000.0,206500.0,234500.0,209500.0,265000.0,419000.0,3472
233,Eagle Point,227000.0,281500.0,335000.0,267500.0,250000.0,300000.0,360000.0,397500.0,400000.0,422000.0,3878
234,Eaglehawk,264000.0,274000.0,283000.0,270000.0,295000.0,315000.0,321500.0,360000.0,440500.0,485000.0,Unknown
235,Eaglemont,1340000.0,1522500.0,1730000.0,1895500.0,1963000.0,1955000.0,1863000.0,2000000.0,2400000.0,2475000.0,3084
236,East Bairnsdale,226000.0,160000.0,202500.0,212500.0,222000.0,227000.0,235000.0,320000.0,355000.0,357000.0,3875
237,East Bendigo,285000.0,330000.0,300000.0,303500.0,335000.0,318000.0,390000.0,389500.0,460000.0,501500.0,3550
238,East Geelong,450000.0,427000.0,440000.0,512500.0,600000.0,637000.0,632500.0,815000.0,920000.0,846000.0,3219
239,East Melbourne,1790000.0,1850000.0,2750000.0,3655000.0,3585000.0,2675000.0,3350000.0,2675000.0,3300000.0,5820000.0,3002
240,East Warburton,289500.0,275000.0,305000.0,369000.0,392500.0,428500.0,458000.0,532500.0,645000.0,523000.0,3799
241,Eastwood,335000.0,342000.0,335000.0,357500.0,380000.0,385000.0,410000.0,415000.0,535000.0,552500.0,3875
242,Echuca,285000.0,285000.0,300000.0,310000.0,320000.0,365000.0,370000.0,412000.0,468000.0,526000.0,Unknown
243,Edenhope,160000.0,130000.0,115000.0,144500.0,160000.0,147000.0,169500.0,143000.0,202500.0,161500.0,3318
244,Edithvale,615000.0,670000.0,766000.0,930000.0,1058500.0,1047500.0,950000.0,1029500.0,1240000.0,1346500.0,3196
245,Eildon,210000.0,205000.0,208500.0,210000.0,225000.0,258000.0,251500.0,285000.0,350000.0,480000.0,Unknown
246,Elliminyt,332000.0,313000.0,318000.0,364000.0,366500.0,385000.0,445000.0,470000.0,511000.0,645000.0,3250
247,Elmore,184000.0,176000.0,200000.0,220000.0,162000.0,227500.0,235000.0,245000.0,332500.0,415000.0,3558
248,Elsternwick,1365000.0,1315000.0,1621000.0,1723500.0,2087500.0,1970000.0,1825000.0,2081000.0,2175000.0,2234000.0,3185
249,Eltham,631500.0,670000.0,750000.0,820000.0,930000.0,942500.0,928000.0,995000.0,1225500.0,1290000.0,Unknown
250,Eltham North,622000.0,680000.0,758000.0,850500.0,900000.0,930500.0,930000.0,1050000.0,1237500.0,1042000.0,3095
251,Elwood,1350000.0,1412500.0,1631000.0,1830000.0,1900000.0,2140000.0,1950000.0,2110000.0,2210000.0,2340000.0,3184
252,Emerald,440000.0,449500.0,502000.0,545000.0,660500.0,730000.0,660000.0,730000.0,882000.0,930000.0,3782
253,Endeavour Hills,400000.0,432000.0,496500.0,550000.0,630500.0,651000.0,620000.0,672000.0,750000.0,810000.0,3802
254,Epping,366500.0,386500.0,400000.0,455000.0,556000.0,600000.0,546000.0,577000.0,652500.0,700000.0,3076
255,Epsom,322500.0,342500.0,340000.0,340000.0,352000.0,357000.0,371500.0,431000.0,527500.0,600000.0,3551
256,Essendon,870000.0,942000.0,1228000.0,1365000.0,1400000.0,1682000.0,1450000.0,1520000.0,1717500.0,1783000.0,Unknown
257,Essendon North,725000.0,840000.0,808000.0,875000.0,1100000.0,1145000.0,1100000.0,1260000.0,1387500.0,1335000.0,3041
258,Essendon West,720000.0,785000.0,920000.0,962500.0,1296000.0,1221000.0,1180000.0,1275000.0,1317500.0,1165000.0,3040
259,Eumemmerring,353000.0,365000.0,408500.0,450500.0,517500.0,622000.0,540000.0,556500.0,646000.0,775000.0,3177
260,Eureka,243500.0,259000.0,247500.0,275000.0,251500.0,315500.0,360000.0,412500.0,430000.0,535000.0,3350
261,Euroa,208000.0,230000.0,235500.0,265000.0,239000.0,270000.0,309000.0,360000.0,407500.0,387500.0,3666
262,Eynesbury,390500.0,390000.0,403500.0,459000.0,484000.0,550000.0,555000.0,600000.0,676500.0,715000.0,3338
263,Fairfield,915000.0,945000.0,1111500.0,1303000.0,1496000.0,1316000.0,1295000.0,1395500.0,1700000.0,1540000.0,3078
264,Fairhaven,785000.0,955000.0,897500.0,1052500.0,880000.0,1020000.0,1395000.0,1478000.0,1860000.0,2722000.0,3231
265,Fawkner,410000.0,444000.0,510000.0,587500.0,705000.0,720000.0,665000.0,715000.0,815000.0,815000.0,3060
266,Ferntree Gully,451000.0,505000.0,599000.0,660000.0,749000.0,732500.0,692000.0,750000.0,865000.0,900000.0,Unknown
267,Ferny Creek,497500.0,492500.0,621000.0,735000.0,798000.0,830000.0,800000.0,908000.0,1120000.0,1022500.0,3786
268,Fingal,677500.0,730000.0,857500.0,840000.0,1000000.0,1350000.0,1240000.0,1312500.0,1807500.0,1667500.0,3939
269,Fitzroy,945000.0,1130000.0,1297500.0,1600000.0,1625000.0,1450000.0,1400000.0,1400000.0,1477500.0,1542500.0,Unknown
270,Fitzroy North,976000.0,1014000.0,1188000.0,1279000.0,1450000.0,1475000.0,1385000.0,1600000.0,1720000.0,1760000.0,3068
271,Fiveways,355000.0,315000.0,380000.0,417500.0,525000.0,542500.0,485000.0,530000.0,751500.0,949500.0,Unknown
272,Flemington,735500.0,730000.0,830000.0,918000.0,1100000.0,926500.0,1000000.0,1035000.0,1251000.0,1430000.0,3031
273,Flinders,765000.0,808000.0,839000.0,1225000.0,1525000.0,1697500.0,1670000.0,2085000.0,2667500.0,3845000.0,3929
274,Flora Hill,310000.0,323500.0,321000.0,325000.0,335000.0,352500.0,370000.0,395000.0,481000.0,550000.0,3550
275,Flowerdale,292500.0,170000.0,255000.0,237500.0,310000.0,390000.0,287500.0,400000.0,475000.0,480000.0,3717
276,Footscray,600000.0,645000.0,690500.0,775000.0,881000.0,899000.0,812000.0,880000.0,975000.0,996000.0,Unknown
277,Forest Hill,650500.0,721000.0,892000.0,933500.0,1060000.0,935000.0,900000.0,986000.0,1208500.0,1245000.0,3131
278,Foster,298000.0,315000.0,325000.0,315000.0,320000.0,333500.0,330000.0,387500.0,450000.0,495000.0,Unknown
279,Frankston,350000.0,372000.0,426000.0,474000.0,600000.0,605000.0,581000.0,621500.0,750000.0,779000.0,Unknown
280,Frankston North,255000.0,269000.0,297000.0,352000.0,470000.0,502000.0,423000.0,450000.0,580000.0,615000.0,3200
281,Frankston South,535000.0,560000.0,620000.0,690000.0,815500.0,855000.0,817500.0,860000.0,1150000.0,1076000.0,3199
282,Fraser Rise,455000.0,490000.0,465000.0,483000.0,541000.0,615000.0,595000.0,625000.0,677500.0,706000.0,3336
283,Fyansford,386500.0,478000.0,688000.0,592500.0,610000.0,650000.0,660000.0,800500.0,832500.0,985000.0,3218
284,Garden City,1055000.0,1055000.0,1320000.0,1440000.0,1650000.0,1507500.0,1375000.0,1602500.0,2074500.0,2015000.0,3207
285,Gardenvale,1150000.0,1180000.0,1348000.0,1857500.0,1880000.0,1830000.0,1740000.0,1900000.0,2120000.0,,3185
286,Garfield,405000.0,355000.0,370000.0,405000.0,414500.0,540000.0,518000.0,590000.0,715000.0,795000.0,Unknown
287,Geelong,500000.0,512000.0,607500.0,590000.0,735000.0,750000.0,720000.0,883500.0,950000.0,850000.0,Unknown
288,Geelong West,440000.0,469000.0,490000.0,543500.0,654000.0,713000.0,675000.0,749500.0,885000.0,1100000.0,3218
289,Gembrook,344000.0,400000.0,440000.0,525000.0,565000.0,610000.0,650000.0,680000.0,789500.0,820000.0,3783
290,Gisborne,496000.0,510000.0,550000.0,635000.0,655000.0,770000.0,730000.0,810000.0,900000.0,1125000.0,Unknown
291,Gladstone Park,392500.0,400000.0,460000.0,525000.0,645000.0,630000.0,636500.0,640000.0,728000.0,745000.0,3043
292,Glen Huntly,977500.0,1135000.0,1350000.0,1330000.0,1415000.0,1253000.0,1440000.0,1395000.0,2002500.0,824000.0,3163
293,Glen Iris,1310000.0,1500000.0,1800000.0,1935000.0,2025000.0,1927500.0,1967000.0,2130000.0,2470000.0,2150000.0,3146
294,Glen Waverley,815000.0,960000.0,1212500.0,1221000.0,1337500.0,1300000.0,1287500.0,1302500.0,1554500.0,1650000.0,3150
295,Glengarry,232500.0,283000.0,286000.0,277500.0,310000.0,300000.0,324000.0,388000.0,490000.0,615000.0,Unknown
296,Glenrowan,230000.0,239000.0,225000.0,272500.0,300000.0,265000.0,372500.0,375000.0,500000.0,516000.0,Unknown
297,Glenroy,454000.0,500000.0,560000.0,600000.0,730000.0,725000.0,700000.0,740000.0,835500.0,815000.0,3046
298,Golden Beach,169500.0,172500.0,180000.0,212500.0,209500.0,225500.0,220000.0,270000.0,325000.0,375000.0,3851
299,Golden Point (Ballarat),265000.0,265000.0,259500.0,295000.0,305000.0,347500.0,370000.0,430000.0,520000.0,557500.0,Unknown
300,Golden Square,295000.0,305000.0,306000.0,315000.0,320000.0,334000.0,340000.0,377500.0,468000.0,530000.0,3555
301,Gordon,278500.0,303000.0,290000.0,330000.0,404000.0,402500.0,495000.0,618000.0,632500.0,1022500.0,3345
302,Goughs Bay,257500.0,247500.0,265000.0,235000.0,257500.0,345500.0,299500.0,360000.0,499500.0,705000.0,3723
303,Gowanbrae,616500.0,557500.0,573000.0,619000.0,790000.0,727500.0,700500.0,739000.0,940000.0,1010000.0,3043
304,Grantville,215000.0,255000.0,250000.0,272500.0,339500.0,402500.0,397500.0,440000.0,537500.0,570500.0,3984
305,Green Lake,262500.0,254500.0,281500.0,305000.0,280000.0,270000.0,290000.0,360000.0,375000.0,440000.0,Unknown
306,Greensborough,534000.0,574000.0,635000.0,717000.0,830000.0,815000.0,798000.0,850000.0,1001000.0,980000.0,3088
307,Greenvale,550000.0,539500.0,500000.0,510000.0,650000.0,720000.0,715000.0,720000.0,820000.0,820000.0,3059
308,Grovedale,352000.0,362000.0,370000.0,400000.0,432000.0,495000.0,505000.0,550000.0,655000.0,698500.0,Unknown
309,Hadfield,461500.0,500000.0,550000.0,624500.0,740500.0,741500.0,730000.0,745000.0,890000.0,920000.0,3046
310,Hallam,362500.0,380000.0,424000.0,458500.0,580000.0,630000.0,550000.0,600000.0,700000.0,720000.0,3803
311,Halls Gap,184500.0,224500.0,245000.0,272500.0,280000.0,355000.0,320000.0,350000.0,468000.0,570000.0,3381
312,Hamilton,192500.0,200000.0,200000.0,217000.0,190000.0,225000.0,209500.0,255000.0,339000.0,360000.0,3300
313,Hamlyn Heights,363500.0,366500.0,382500.0,415000.0,500000.0,545000.0,540000.0,562000.0,710000.0,804000.0,3215
314,Hampton,1270000.0,1340000.0,1650000.0,1800000.0,2020000.0,1905000.0,1900000.0,2000000.0,2420000.0,2020000.0,Unknown
315,Hampton East,770000.0,862500.0,1020000.0,1200000.0,1340000.0,1230000.0,1211500.0,1290500.0,1527500.0,1500000.0,3188
316,Hampton Park,330000.0,337500.0,370000.0,410000.0,505000.0,550000.0,502000.0,538000.0,620000.0,660000.0,3976
317,Harcourt,309000.0,358000.0,295000.0,377500.0,385000.0,375000.0,420000.0,527500.0,604000.0,615000.0,Unknown
318,Harkness,330000.0,340000.0,350000.0,360000.0,420000.0,485000.0,475000.0,490000.0,535000.0,590000.0,3337
319,Hastings,345000.0,368000.0,365000.0,400000.0,507500.0,519500.0,506000.0,562000.0,653000.0,733000.0,3915
320,Hastings West,280000.0,277000.0,289500.0,338000.0,425000.0,480000.0,430000.0,487500.0,590000.0,675000.0,Unknown
321,Hawthorn,1575000.0,1606500.0,1916500.0,2245000.0,2650000.0,2506500.0,2200000.0,2500000.0,2830000.0,2485000.0,Unknown
322,Hawthorn East,1247500.0,1554000.0,1850000.0,1890000.0,2350000.0,2221500.0,2087500.0,2383000.0,2275000.0,1791500.0,3123
323,Healesville,385500.0,400000.0,447500.0,457000.0,550000.0,601000.0,580000.0,602500.0,750000.0,800000.0,Unknown
324,Heathcote,227500.0,260000.0,240000.0,268500.0,275000.0,310000.0,335000.0,365000.0,390000.0,500000.0,Unknown
325,Heatherton,630000.0,712000.0,771000.0,845000.0,981000.0,935000.0,965000.0,964000.0,1145000.0,1222500.0,3202
326,Heathmont,589000.0,638000.0,760000.0,789000.0,925000.0,932000.0,873000.0,930000.0,1091500.0,1117500.0,3135
327,Heidelberg,772500.0,840500.0,1060000.0,1150000.0,1280000.0,1114000.0,1107500.0,1283000.0,1465000.0,1565000.0,Unknown
328,Heidelberg Heights,536500.0,555000.0,676500.0,750000.0,843000.0,820000.0,790000.0,803000.0,1000000.0,952500.0,3081
329,Heidelberg West,425500.0,461000.0,580000.0,630000.0,730000.0,700000.0,670000.0,719500.0,804500.0,780000.0,3081
330,Hepburn,291000.0,330000.0,395000.0,375000.0,440000.0,425000.0,452500.0,535000.0,695000.0,675000.0,Unknown
331,Hepburn Springs,340000.0,350000.0,380000.0,414000.0,515000.0,490000.0,595000.0,570000.0,825000.0,850000.0,3461
332,Herne Hill,350000.0,357000.0,368500.0,402000.0,490000.0,550000.0,534000.0,600000.0,738000.0,785000.0,3218
333,Heyfield,200000.0,180000.0,182500.0,195000.0,178500.0,193000.0,195000.0,230000.0,330000.0,435000.0,3858
334,Heywood,142000.0,150000.0,173000.0,160000.0,164000.0,166000.0,178000.0,185000.0,240000.0,265000.0,3304
335,Highett,750000.0,850000.0,992500.0,1175000.0,1318500.0,1275000.0,1234000.0,1325000.0,1585500.0,1560000.0,3190
336,Highton,477500.0,510000.0,505000.0,555000.0,622500.0,681000.0,690000.0,744000.0,888500.0,975000.0,3216
337,Hillside (Melton),430000.0,440000.0,470000.0,525500.0,620000.0,647000.0,641000.0,680000.0,730000.0,785000.0,Unknown
338,Hopetoun,88000.0,95500.0,75000.0,80000.0,92000.0,86000.0,66000.0,150000.0,157000.0,214500.0,Unknown
339,Hoppers Crossing,321500.0,340000.0,365500.0,415000.0,516000.0,552000.0,526500.0,550000.0,590000.0,620000.0,3029
340,Horsham,215000.0,215000.0,240000.0,245000.0,262500.0,255000.0,269000.0,260000.0,345000.0,380000.0,3400
341,Hughesdale,820000.0,856000.0,1165000.0,1222500.0,1407000.0,1260000.0,1150500.0,1300000.0,1507500.0,1625000.0,3166
342,Huntingdale,659000.0,728000.0,835000.0,924500.0,1132000.0,1010000.0,914000.0,1090000.0,1299500.0,1225000.0,3166
343,Huntly,337500.0,325000.0,355000.0,340000.0,335000.0,357500.0,367500.0,388000.0,486000.0,548000.0,Unknown
344,Hurstbridge,482000.0,482000.0,547500.0,614500.0,714000.0,731000.0,700000.0,775000.0,900000.0,1390000.0,3099
345,Indented Head,390000.0,385000.0,382500.0,395000.0,455000.0,575500.0,606000.0,590000.0,750000.0,875000.0,3223
346,Inglewood,160000.0,145000.0,200000.0,152500.0,182500.0,180000.0,185000.0,214000.0,320000.0,425500.0,3517
347,Inverloch,431000.0,440000.0,425000.0,442500.0,495000.0,598000.0,590000.0,665000.0,890500.0,927500.0,3996
348,Invermay Park,378000.0,387000.0,405000.0,377500.0,391000.0,465000.0,475000.0,485000.0,680000.0,725000.0,3350
349,Ironbark,277000.0,280000.0,292500.0,365000.0,280000.0,320000.0,304000.0,438500.0,523000.0,530000.0,3550
350,Irymple,248000.0,228500.0,268000.0,257500.0,291000.0,310000.0,386500.0,354000.0,425000.0,519000.0,3498
351,Ivanhoe,1100000.0,1206000.0,1125000.0,1400000.0,1547500.0,1600000.0,1590000.0,1630000.0,1830000.0,1927500.0,Unknown
352,Ivanhoe East,1310000.0,1513000.0,1542500.0,1764500.0,1975000.0,1914000.0,1775000.0,2055000.0,2207500.0,2670000.0,3079
353,Jacana,334000.0,342500.0,375000.0,423000.0,571500.0,555000.0,512500.0,555000.0,626000.0,637500.0,3047
354,Jackass Flat,287500.0,360000.0,350500.0,345500.0,299000.0,310000.0,331500.0,401000.0,460000.0,542500.0,3556
355,Jamieson,205000.0,210000.0,258500.0,220000.0,266500.0,265000.0,311500.0,345000.0,410000.0,686000.0,3723
356,Jan Juc,555000.0,595000.0,615000.0,716000.0,850000.0,905000.0,870000.0,964000.0,1333500.0,1317500.0,3228
357,Jeeralang North,145500.0,187500.0,175000.0,140000.0,248000.0,170000.0,235000.0,240000.0,282000.0,335500.0,Unknown
358,Jeparit,80500.0,63000.0,89000.0,124000.0,66500.0,77000.0,81000.0,110000.0,129000.0,145000.0,3423
359,Junction Village,312000.0,320000.0,370000.0,389000.0,436000.0,509000.0,483500.0,515000.0,605000.0,,3977
360,Junortoun,490000.0,508500.0,417500.0,490000.0,512500.0,506500.0,530000.0,598000.0,682000.0,910500.0,3551
361,Kalimna,230000.0,285000.0,300000.0,270000.0,276500.0,326500.0,292500.0,350000.0,469000.0,589000.0,Unknown
362,Kalkallo,450000.0,450000.0,180000.0,432500.0,529500.0,548000.0,538000.0,555000.0,613500.0,635000.0,3064
363,Kallista,425000.0,465000.0,523000.0,567500.0,676000.0,737500.0,700000.0,715000.0,910000.0,1025000.0,3791
364,Kalorama,442500.0,451000.0,496000.0,533000.0,670000.0,686500.0,645000.0,697500.0,822000.0,1126000.0,3766
365,Kangaroo Flat,292500.0,300000.0,303000.0,300000.0,310000.0,325000.0,340000.0,380000.0,465000.0,545000.0,3555
366,Kangaroo Ground South,615000.0,655000.0,650000.0,670000.0,853500.0,930000.0,815500.0,970000.0,1217000.0,1150000.0,Unknown
367,Kaniva,75000.0,87500.0,100000.0,120000.0,157500.0,164000.0,169500.0,115000.0,174000.0,126000.0,3419
368,Kealba,370000.0,390000.0,400000.0,470000.0,595000.0,612000.0,596000.0,600000.0,655000.0,755000.0,3021
369,Keilor,572500.0,633000.0,703000.0,805000.0,845000.0,815000.0,836500.0,885000.0,1066000.0,953000.0,Unknown
370,Keilor Downs,403500.0,429000.0,496500.0,562000.0,670000.0,660000.0,630000.0,660000.0,775000.0,720000.0,3038
371,Keilor East,560000.0,599000.0,651000.0,720000.0,843000.0,830000.0,835000.0,842000.0,999000.0,1032500.0,3033
372,Keilor Lodge,490000.0,500000.0,555500.0,607500.0,760000.0,715000.0,740000.0,757500.0,842500.0,820000.0,3038
373,Keilor Park,455000.0,512500.0,565000.0,650000.0,741000.0,770000.0,704000.0,735000.0,820500.0,950000.0,3042
374,Kennington,351500.0,345000.0,334000.0,355000.0,372000.0,383500.0,374000.0,428500.0,550000.0,595000.0,3550
375,Kensington,690000.0,737500.0,823500.0,908000.0,1019000.0,1020000.0,978000.0,1106500.0,1165000.0,1219000.0,3031
376,Kerang,152000.0,145000.0,152000.0,167000.0,160000.0,177000.0,170000.0,198500.0,238000.0,267500.0,Unknown
377,Kew,1751000.0,1950000.0,2080000.0,2207500.0,2320000.0,2385000.0,2345000.0,2253000.0,2752500.0,2300000.0,Unknown
378,Kew East,1210000.0,1314000.0,1600000.0,1655000.0,1876000.0,1800000.0,1837000.0,1785000.0,1990000.0,,3102
379,Kew North,1260000.0,1301000.0,1665000.0,1827500.0,1880000.0,1767500.0,1833000.0,1840000.0,2050000.0,2169000.0,Unknown
380,Keysborough,435000.0,456500.0,559500.0,650000.0,730000.0,745000.0,740000.0,762500.0,916000.0,935000.0,3173
381,Kialla,360000.0,365000.0,367500.0,374000.0,390000.0,418000.0,450000.0,482500.0,544000.0,622500.0,Unknown
382,Kilcunda,375000.0,320000.0,400000.0,480000.0,504000.0,496000.0,533000.0,702500.0,870000.0,810000.0,3995
383,Killara (Wodonga),351000.0,346000.0,360000.0,425000.0,400000.0,420000.0,453500.0,447500.0,560000.0,632000.0,Unknown
384,Kilmore,327500.0,319000.0,336500.0,333000.0,387500.0,440000.0,435000.0,477000.0,549000.0,617000.0,Unknown
385,Kilsyth,435000.0,460000.0,548500.0,620000.0,698500.0,685500.0,645000.0,677500.0,780500.0,855500.0,Unknown
386,Kilsyth South,542500.0,575000.0,676000.0,738000.0,845000.0,826000.0,780500.0,870000.0,977500.0,1185000.0,3137
387,Kinglake,330000.0,318000.0,340000.0,346000.0,458000.0,480000.0,555000.0,600000.0,640000.0,797500.0,Unknown
388,Kings Park,315000.0,325000.0,355000.0,415000.0,532500.0,550000.0,510000.0,550000.0,600000.0,650000.0,3021
389,Kingsbury,470000.0,502500.0,560000.0,610000.0,731000.0,730000.0,660000.0,732500.0,847000.0,752500.0,3083
390,Kingsville,635000.0,703500.0,785000.0,925000.0,1020000.0,990000.0,1010000.0,970000.0,1225000.0,1180000.0,Unknown
391,Knoxfield,500000.0,580000.0,681000.0,740000.0,870000.0,815000.0,760000.0,810000.0,980000.0,1040000.0,3180
392,Koo Wee Rup,315000.0,335000.0,345000.0,400000.0,450500.0,508500.0,550000.0,540000.0,610000.0,700000.0,Unknown
393,Koondrook,147500.0,155000.0,198500.0,165000.0,247500.0,268000.0,212500.0,254000.0,322500.0,237000.0,3580
394,Kooyong,1417500.0,2900000.0,3400000.0,2762500.0,3950000.0,2630000.0,3585000.0,3500000.0,3150000.0,,3144
395,Koroit,275000.0,300000.0,296000.0,294000.0,325000.0,352000.0,347500.0,390000.0,495000.0,524000.0,3282
396,Korumburra,236000.0,222500.0,262500.0,257500.0,292000.0,317500.0,319500.0,391000.0,480000.0,525000.0,Unknown
397,Kurunjang,287000.0,280000.0,289500.0,310000.0,370000.0,435000.0,420000.0,432000.0,486000.0,552500.0,3337
398,Kyabram,237000.0,235000.0,240000.0,234000.0,239000.0,261000.0,263000.0,280000.0,319500.0,395000.0,Unknown
399,Kyneton,369000.0,400000.0,425500.0,455000.0,495000.0,550000.0,595000.0,614000.0,765000.0,890000.0,Unknown
400,Lake Boga,200000.0,143500.0,245000.0,222500.0,182500.0,232500.0,239000.0,230000.0,315000.0,343000.0,3584
401,Lake Bunga,197500.0,162500.0,270000.0,270000.0,392500.0,380000.0,300000.0,350000.0,600000.0,829500.0,3909
402,Lake Gardens,445000.0,445000.0,461000.0,485000.0,461500.0,575000.0,552500.0,607500.0,692500.0,755000.0,3355
403,Lake Tyers Beach,270000.0,354000.0,330000.0,268500.0,362500.0,300000.0,357500.0,375000.0,505000.0,830000.0,3909
404,Lake Wendouree,634000.0,650000.0,685000.0,700000.0,790000.0,775000.0,855000.0,1000000.0,1250000.0,1032500.0,3350
405,Lakes Entrance,269500.0,254000.0,255500.0,280000.0,281500.0,328000.0,300000.0,350000.0,420000.0,540000.0,3909
406,Lalor,365000.0,385000.0,445000.0,499500.0,625500.0,625000.0,590000.0,623000.0,700000.0,726000.0,3075
407,Lancefield,377500.0,362000.0,360000.0,360000.0,416000.0,456000.0,500000.0,540000.0,685000.0,625000.0,3435
408,Lang Lang,285000.0,295000.0,316500.0,355000.0,390000.0,475000.0,495000.0,540000.0,657000.0,712500.0,Unknown
409,Langwarrin,385000.0,420000.0,450000.0,503000.0,600000.0,642500.0,615000.0,660000.0,810000.0,860000.0,Unknown
410,Lara,350000.0,340000.0,348000.0,355000.0,430000.0,515000.0,495000.0,535000.0,685000.0,765000.0,3212
411,Lara Lake,363500.0,398000.0,375000.0,395000.0,450500.0,525000.0,535500.0,575000.0,664500.0,694500.0,Unknown
412,Launching Place,330000.0,337500.0,366000.0,435000.0,490000.0,531000.0,554000.0,572500.0,688500.0,820000.0,3139
413,Laverton,325000.0,358000.0,377500.0,429000.0,535000.0,579000.0,529000.0,560000.0,605000.0,607500.0,Unknown
414,Laverton South,392500.0,425000.0,450000.0,528500.0,610500.0,646000.0,622500.0,647500.0,725000.0,807500.0,Unknown
415,Leitchville,98000.0,67500.0,100000.0,126500.0,100000.0,109500.0,106000.0,123500.0,220000.0,295000.0,3567
416,Leneva,361500.0,372500.0,370500.0,376000.0,397500.0,387500.0,426000.0,470000.0,554000.0,635000.0,3691
417,Leongatha,300000.0,295500.0,305000.0,305000.0,320000.0,360000.0,370000.0,426000.0,505000.0,540000.0,Unknown
418,Leopold,360000.0,366500.0,365000.0,407000.0,447000.0,500500.0,510000.0,535000.0,652000.0,700000.0,3224
419,Lilydale,469000.0,482500.0,534000.0,633500.0,710500.0,705000.0,675500.0,718000.0,850000.0,851000.0,3140
420,Lindenow,200000.0,226000.0,212500.0,212000.0,245000.0,313500.0,282500.0,282500.0,385000.0,452500.0,Unknown
421,Lismore,110000.0,109000.0,115000.0,141500.0,155000.0,132500.0,144500.0,220000.0,176000.0,280000.0,3324
422,Loch,279000.0,242500.0,241000.0,339500.0,300000.0,398000.0,395000.0,444000.0,450000.0,,Unknown
423,Loch Sport,166000.0,153500.0,145000.0,178000.0,182000.0,230000.0,244000.0,247000.0,322000.0,417500.0,3851
424,Lockington,175000.0,174000.0,220000.0,196000.0,149000.0,183000.0,222000.0,195000.0,243000.0,350000.0,3563
425,Long Gully,230000.0,255000.0,244000.0,240000.0,256000.0,269000.0,280000.0,299500.0,385000.0,503500.0,3550
426,Longwarry,289500.0,297500.0,307000.0,334000.0,377000.0,403000.0,406000.0,427500.0,510000.0,525000.0,Unknown
427,Lorne,840000.0,815000.0,895000.0,765000.0,1150000.0,1275000.0,1295000.0,1497500.0,1830000.0,1445000.0,3232
428,Lovely Banks,360500.0,406500.0,388500.0,470000.0,460000.0,525000.0,570000.0,565000.0,662500.0,763000.0,3213
429,Lower Plenty,680500.0,675000.0,770000.0,900000.0,980000.0,1055000.0,950000.0,907000.0,1220000.0,1558000.0,3093
430,Lucas,348000.0,355000.0,389000.0,345000.0,349500.0,395000.0,431000.0,465000.0,585000.0,681500.0,3350
431,Lucknow,235000.0,229000.0,230000.0,244500.0,261500.0,280000.0,275000.0,314500.0,355000.0,300000.0,3875
432,Lynbrook,430000.0,460000.0,500000.0,542500.0,595000.0,640000.0,623000.0,660000.0,750000.0,805000.0,3975
433,Lyndhurst,465000.0,482500.0,550000.0,585000.0,625000.0,695000.0,665500.0,701500.0,815500.0,949000.0,3975
434,Lysterfield,681500.0,670000.0,780000.0,857500.0,995500.0,976500.0,956500.0,994500.0,1130000.0,1166000.0,Unknown
435,Lysterfield South,931500.0,1000000.0,1018500.0,1240000.0,1300000.0,1275000.0,775000.0,1410000.0,1618000.0,,3156
436,Macedon,490000.0,460000.0,532500.0,585000.0,696000.0,815000.0,800000.0,883000.0,1130000.0,950000.0,Unknown
437,Macleod,647500.0,705000.0,755000.0,868000.0,950000.0,922500.0,922500.0,972500.0,1156500.0,1590000.0,Unknown
438,Macs Cove,244000.0,185000.0,189000.0,225000.0,240000.0,269500.0,300000.0,280000.0,450000.0,572500.0,3723
439,Maddingley,316500.0,320000.0,332500.0,346000.0,395000.0,442000.0,460000.0,522000.0,567500.0,620000.0,3340
440,Maffra,229000.0,215000.0,230000.0,258000.0,251500.0,261500.0,255000.0,315000.0,338000.0,379000.0,Unknown
441,Maiden Gully,440000.0,415000.0,430000.0,477000.0,471000.0,495500.0,514000.0,579000.0,725000.0,750000.0,3551
442,Maidstone,535000.0,587500.0,630000.0,695000.0,825000.0,798500.0,779000.0,789500.0,855000.0,1040000.0,3012
443,Maldon,315000.0,325000.0,339000.0,395000.0,426500.0,420000.0,510000.0,546500.0,624500.0,693000.0,3463
444,Mallacoota,285000.0,285000.0,288500.0,325000.0,345000.0,280000.0,406500.0,415000.0,488500.0,408000.0,3892
445,Malmsbury,292500.0,317500.0,397500.0,344000.0,447000.0,465000.0,475000.0,505000.0,735000.0,745000.0,3446
446,Malvern,1508500.0,1946000.0,2230000.0,2332000.0,2750000.0,2661000.0,2570000.0,2842500.0,3000000.0,2460000.0,Unknown
447,Malvern East,1200000.0,1380000.0,1610000.0,1729000.0,1824000.0,1900000.0,1787500.0,1885000.0,2100500.0,2410000.0,3145
448,Mambourin,,,,,,,,,597500.0,639000.0,3024
449,Manifold Heights,532500.0,489000.0,489500.0,620000.0,721500.0,785500.0,715000.0,825000.0,924500.0,934000.0,3218
450,Manor Lakes,340500.0,360000.0,385000.0,417500.0,490000.0,526000.0,533000.0,570000.0,597500.0,661000.0,3024
451,Mansfield,364000.0,347000.0,367500.0,359000.0,385000.0,430000.0,450000.0,510000.0,640000.0,795000.0,3722
452,Marengo,750000.0,382500.0,577500.0,599000.0,670000.0,597500.0,687500.0,750000.0,1075000.0,1725000.0,3233
453,Maribyrnong,714000.0,750500.0,837500.0,940000.0,1056000.0,1050000.0,961500.0,936500.0,1165000.0,1125000.0,3032
454,Marlo,295000.0,285000.0,335500.0,305000.0,432500.0,385000.0,355000.0,405000.0,435000.0,580000.0,3888
455,Marong,310000.0,345000.0,364000.0,330000.0,348000.0,365000.0,420000.0,465000.0,560000.0,640000.0,3515
456,Marshall,360000.0,382500.0,377000.0,400000.0,430000.0,468000.0,486500.0,510000.0,600000.0,671000.0,3216
457,Maryborough,194000.0,200000.0,192500.0,206500.0,194000.0,229500.0,236000.0,269500.0,337500.0,390000.0,3465
458,Marysville,180000.0,125000.0,320000.0,332500.0,383000.0,477500.0,462500.0,475000.0,670000.0,980000.0,3779
459,Mccrae,530000.0,535000.0,597500.0,689000.0,775000.0,847500.0,795000.0,952500.0,1160000.0,1040000.0,3938
460,Mckenzie Hill,397000.0,140000.0,429500.0,475000.0,471500.0,495000.0,536500.0,544500.0,697500.0,687500.0,3451
461,Mckinnon,1025000.0,1220000.0,1500000.0,1657500.0,1720000.0,1555000.0,1520500.0,1677500.0,1895000.0,2267500.0,3204
462,Mcloughlins Beach,145500.0,169500.0,145000.0,180000.0,110000.0,191000.0,210000.0,208000.0,271500.0,285000.0,3874
463,Meadow Heights,317000.0,322500.0,350500.0,370000.0,451000.0,510000.0,474000.0,499000.0,557000.0,600000.0,3048
464,Meeniyan,199000.0,223500.0,242500.0,270000.0,244500.0,292500.0,424500.0,349500.0,520000.0,780000.0,3956
465,Melton,245000.0,240000.0,255000.0,280500.0,369000.0,415000.0,385000.0,390000.0,455000.0,496000.0,Unknown
466,Melton South,230000.0,238000.0,260000.0,276000.0,377000.0,417000.0,390000.0,420000.0,465000.0,535000.0,3338
467,Melton West,285500.0,290000.0,295000.0,330000.0,409000.0,453000.0,428000.0,470000.0,515000.0,550000.0,3337
468,Mentone,705000.0,810000.0,950000.0,982500.0,1097500.0,1080000.0,1031000.0,1050000.0,1376000.0,1228000.0,Unknown
469,Menzies Creek,515000.0,428000.0,580000.0,597000.0,640000.0,760000.0,682500.0,745000.0,1020000.0,850000.0,3159
470,Merbein,140500.0,167000.0,180000.0,170000.0,183500.0,180000.0,210000.0,203000.0,227500.0,295500.0,Unknown
471,Meredith,353000.0,230000.0,280000.0,250000.0,323500.0,400000.0,330500.0,470000.0,523000.0,650000.0,3333
472,Merinda Park,310000.0,310000.0,345000.0,385000.0,471500.0,523000.0,476000.0,527500.0,615000.0,677000.0,Unknown
473,Mernda,375000.0,370000.0,410000.0,430000.0,525000.0,573500.0,552000.0,570000.0,670000.0,682500.0,3754
474,Merrigum,160500.0,149000.0,209500.0,164500.0,160000.0,190000.0,270000.0,179000.0,255000.0,248500.0,3618
475,Merrijig (Mansfield),332500.0,390000.0,292500.0,344000.0,420000.0,461000.0,422500.0,613000.0,882000.0,905000.0,Unknown
476,Metung,337500.0,287500.0,299000.0,360000.0,347500.0,371500.0,455000.0,485000.0,517500.0,625000.0,3904
477,Mickleham,213000.0,168000.0,390000.0,437000.0,500500.0,520000.0,525000.0,565000.0,630000.0,665000.0,3064
478,Middle Park,1587500.0,2125000.0,2317000.0,2238500.0,2370000.0,2685000.0,2775000.0,2680000.0,2864000.0,2600000.0,3206
479,Mildura,225500.0,245000.0,252000.0,260000.0,264000.0,281500.0,310000.0,337000.0,380000.0,439500.0,Unknown
480,Mill Park,408000.0,430500.0,480000.0,560000.0,668500.0,657000.0,653000.0,690000.0,755000.0,805500.0,3082
481,Millgrove,245000.0,260000.0,275000.0,293500.0,343000.0,411000.0,415000.0,425000.0,540000.0,626000.0,3799
482,Miners Rest,330000.0,327500.0,335000.0,334000.0,370000.0,400000.0,427500.0,440000.0,530000.0,655000.0,3352
483,Minyip,73500.0,95000.0,93000.0,82500.0,94000.0,81000.0,114500.0,75000.0,151500.0,144000.0,3392
484,Mirboo North,265000.0,250000.0,262000.0,275000.0,264000.0,307500.0,327500.0,376000.0,475000.0,621000.0,3871
485,Mitcham,650000.0,730000.0,885500.0,941000.0,1070000.0,998000.0,942000.0,1066500.0,1212500.0,1215000.0,Unknown
486,Mitchell Park,267000.0,267500.0,260000.0,259000.0,263000.0,304500.0,313000.0,330000.0,400000.0,555000.0,3355
487,Moe,155000.0,170000.0,162500.0,173000.0,175000.0,200000.0,210000.0,250000.0,315000.0,335000.0,Unknown
488,Monbulk,395000.0,425000.0,471500.0,521500.0,608000.0,650000.0,630000.0,650000.0,766000.0,790000.0,3793
489,Mont Albert,1316000.0,1490000.0,1863000.0,1921000.0,2100000.0,1990000.0,1690000.0,2170000.0,2349000.0,2675000.0,Unknown
490,Mont Albert North,995000.0,1100000.0,1400000.0,1490000.0,1565000.0,1460000.0,1380000.0,1437000.0,1590000.0,1555000.0,3129
491,Montmorency,570000.0,614000.0,732000.0,780500.0,890000.0,926000.0,856000.0,913000.0,1160000.0,1175000.0,3094
492,Montrose,445000.0,476500.0,559000.0,625000.0,700500.0,737500.0,707500.0,730000.0,845000.0,930000.0,3765
493,Moonee Ponds,830500.0,920000.0,1006000.0,1110500.0,1310000.0,1360000.0,1300000.0,1290000.0,1540000.0,1825000.0,3039
494,Moorabbin,682000.0,768000.0,855000.0,980000.0,1160000.0,1130000.0,1065000.0,1072500.0,1400000.0,1445000.0,Unknown
495,Mooroolbark,440000.0,465000.0,558500.0,620000.0,725000.0,720000.0,670000.0,720000.0,842500.0,873000.0,3138
496,Mooroopna,207500.0,215000.0,230000.0,215500.0,225000.0,230000.0,247500.0,268500.0,335000.0,395500.0,Unknown
497,Mordialloc,680000.0,755000.0,850000.0,933000.0,1120000.0,1046500.0,1017500.0,1089000.0,1410000.0,1130000.0,3195
498,Mornington,525000.0,558000.0,641000.0,745000.0,800000.0,850000.0,810000.0,895000.0,1100000.0,1225000.0,3931
499,Mortlake,129500.0,152500.0,120000.0,152000.0,170000.0,165000.0,164000.0,220000.0,290500.0,322500.0,3272
500,Morwell,160000.0,150000.0,150000.0,153000.0,170000.0,167000.0,179000.0,200000.0,275000.0,315000.0,3840
501,Mount Beauty,180000.0,200000.0,189500.0,183000.0,258000.0,267500.0,295000.0,330000.0,446000.0,580000.0,3699
502,Mount Clear,286000.0,288000.0,322500.0,345000.0,345000.0,379000.0,396500.0,414000.0,505000.0,586500.0,3350
503,Mount Dandenong,450000.0,610000.0,612500.0,641000.0,847000.0,647500.0,690000.0,791000.0,858500.0,1280000.0,3767
504,Mount Duneed,286000.0,532000.0,545000.0,425000.0,500000.0,555000.0,557000.0,593000.0,698000.0,770000.0,3217
505,Mount Egerton,250000.0,295000.0,230000.0,271500.0,310000.0,340500.0,330000.0,271000.0,555000.0,450000.0,3352
506,Mount Eliza,750000.0,777500.0,832000.0,950000.0,1137500.0,1222500.0,1180000.0,1313000.0,1700000.0,1767500.0,3930
507,Mount Evelyn,406000.0,428500.0,493500.0,551000.0,640000.0,671500.0,636000.0,709000.0,820000.0,796500.0,3796
508,Mount Helen,344000.0,368000.0,342000.0,355000.0,376000.0,420000.0,417000.0,470000.0,610000.0,615000.0,3350
509,Mount Macedon,662500.0,600000.0,635000.0,750000.0,665000.0,859000.0,775000.0,1043000.0,1626000.0,1530000.0,3441
510,Mount Martha,727500.0,745000.0,785000.0,965000.0,1050000.0,1202500.0,1262500.0,1410500.0,1857500.0,1800000.0,3934
511,Mount Pleasant,276500.0,269500.0,293500.0,297500.0,293000.0,350000.0,377500.0,415000.0,498000.0,590000.0,3350
512,Mount Waverley,820000.0,950000.0,1267500.0,1265000.0,1416000.0,1320000.0,1270500.0,1300000.0,1510000.0,1510000.0,3149
513,Mulgrave,577500.0,627000.0,765500.0,786000.0,900500.0,860000.0,840000.0,850000.0,1000000.0,907500.0,3170
514,Murchison,186000.0,155000.0,165000.0,187000.0,254500.0,225000.0,244500.0,291500.0,400000.0,410000.0,Unknown
515,Murrumbeena,870000.0,982500.0,1204000.0,1286000.0,1420000.0,1343500.0,1241500.0,1405000.0,1687500.0,1755000.0,3163
516,Murtoa,95000.0,110000.0,91000.0,97500.0,115000.0,110000.0,119000.0,130000.0,142500.0,160000.0,3390
517,Myrtleford,220000.0,245000.0,242000.0,270500.0,265000.0,295000.0,325000.0,385000.0,515000.0,624500.0,3737
518,Nagambie,312500.0,378000.0,360500.0,336000.0,330000.0,385000.0,414000.0,460000.0,545000.0,700000.0,3608
519,Nar Nar Goon,350000.0,395500.0,550000.0,442500.0,470000.0,522500.0,508500.0,535000.0,655000.0,655000.0,Unknown
520,Narre Warren,370000.0,386000.0,430000.0,486500.0,590000.0,614000.0,588000.0,610000.0,700000.0,768000.0,Unknown
521,Narre Warren North,685000.0,822500.0,773000.0,900000.0,1108000.0,1180000.0,1075000.0,1185000.0,1430000.0,1467500.0,3804
522,Narre Warren South,410000.0,440000.0,476000.0,530000.0,620000.0,636500.0,625000.0,660000.0,750000.0,806500.0,3805
523,Nathalia,165000.0,190500.0,178000.0,185000.0,232500.0,210000.0,229000.0,256000.0,265000.0,330000.0,3638
524,Natimuk,166000.0,145000.0,161000.0,165500.0,249500.0,158500.0,148500.0,221000.0,296000.0,275000.0,3409
525,Neerim South,340000.0,336500.0,280000.0,330000.0,320000.0,406500.0,413000.0,473500.0,555000.0,475000.0,3831
526,Nelson,224000.0,203500.0,257500.0,220000.0,249500.0,255000.0,247500.0,210000.0,355000.0,410000.0,3292
527,Nerrina,455000.0,482500.0,522500.0,517500.0,570000.0,575000.0,617500.0,630000.0,580000.0,510000.0,3350
528,New Gisborne,500000.0,510000.0,498000.0,545000.0,625000.0,757500.0,695000.0,721500.0,798500.0,820000.0,3438
529,Newborough,213000.0,215000.0,220000.0,224500.0,220000.0,250000.0,255000.0,290000.0,359000.0,412500.0,3825
530,Newcomb,280000.0,292000.0,290500.0,310000.0,375000.0,453500.0,435000.0,476000.0,584000.0,615000.0,3219
531,Newhaven,442500.0,422500.0,480000.0,457500.0,447500.0,520000.0,712000.0,505000.0,827500.0,936500.0,3925
532,Newington,320000.0,341000.0,345000.0,372500.0,422500.0,465000.0,490000.0,735000.0,720000.0,645000.0,3350
533,Newlands Arm,320000.0,302000.0,332500.0,380000.0,380000.0,367500.0,443000.0,470000.0,550000.0,660000.0,3875
534,Newport,695000.0,740000.0,825000.0,950000.0,1080000.0,1059000.0,1055000.0,1092500.0,1288000.0,1350000.0,3015
535,Newstead,300000.0,297500.0,365000.0,362000.0,420000.0,318500.0,436000.0,470000.0,540000.0,615000.0,3462
536,Newtown (Greater Geelong),570000.0,620000.0,642500.0,712500.0,780000.0,843000.0,832000.0,940000.0,1175000.0,1085000.0,Unknown
537,Nhill,110000.0,125000.0,128000.0,140000.0,126500.0,149000.0,137000.0,158500.0,180000.0,171000.0,3418
538,Nichols Point,316500.0,304000.0,370000.0,396000.0,346000.0,470000.0,430000.0,475000.0,510000.0,500000.0,3501
539,Niddrie,700000.0,747500.0,832500.0,910000.0,1095000.0,1070000.0,1070000.0,1000500.0,1210000.0,995000.0,Unknown
540,Noble Park,400000.0,440000.0,510000.0,600000.0,680000.0,680000.0,625500.0,675000.0,755000.0,770000.0,Unknown
541,Noble Park North,383000.0,420000.0,491500.0,563000.0,640000.0,660000.0,610000.0,655500.0,750000.0,790000.0,3174
542,Norlane,202500.0,215000.0,216000.0,236500.0,290000.0,355000.0,350000.0,372000.0,450000.0,505000.0,3214
543,North Bendigo,271000.0,280000.0,286000.0,279000.0,302000.0,310000.0,325000.0,374000.0,460500.0,520000.0,3550
544,North Geelong,277000.0,301000.0,335000.0,338500.0,422000.0,495000.0,500000.0,550500.0,600000.0,638500.0,Unknown
545,North Melbourne,802500.0,832000.0,926000.0,1200000.0,1390000.0,1185000.0,1375000.0,1150000.0,1311500.0,1177000.0,3051
546,North Shore,354000.0,403500.0,561000.0,533000.0,511000.0,497000.0,552500.0,615000.0,660000.0,,3214
547,North Wonthaggi,230000.0,268500.0,274500.0,259500.0,294000.0,369000.0,389000.0,419000.0,560000.0,664000.0,3995
548,Northcote,818000.0,935000.0,1008500.0,1190000.0,1325000.0,1345000.0,1307500.0,1413000.0,1655000.0,1550000.0,Unknown
549,Notting Hill,566500.0,660000.0,780000.0,872500.0,993000.0,957500.0,880000.0,940000.0,1163000.0,1220000.0,3168
550,Numurkah,195000.0,215000.0,219000.0,195000.0,219000.0,225000.0,250000.0,239000.0,310000.0,385000.0,3636
551,Nunawading,637500.0,721500.0,880000.0,970000.0,1090000.0,986000.0,951000.0,1038500.0,1250000.0,1295000.0,3131
552,Nyah West,94000.0,107500.0,146500.0,130000.0,133500.0,136000.0,85000.0,129000.0,174500.0,209000.0,3595
553,Nyora,222500.0,265000.0,245000.0,300000.0,260000.0,340000.0,370000.0,530000.0,745000.0,735000.0,3987
554,Oak Park,576500.0,626000.0,660000.0,822500.0,853500.0,878500.0,840000.0,911500.0,1127500.0,1422500.0,3046
555,Oakleigh,753500.0,801500.0,1002000.0,1050000.0,1210000.0,1250000.0,1101000.0,1255000.0,1389500.0,1425000.0,Unknown
556,Oakleigh East,672000.0,820000.0,995000.0,983000.0,1195000.0,992500.0,950000.0,995000.0,1176500.0,1162500.0,3166
557,Oakleigh South,603000.0,700000.0,830000.0,890000.0,1030000.0,960000.0,908000.0,983500.0,1200000.0,1237500.0,3167
558,Ocean Grove,459000.0,515000.0,516500.0,555000.0,637000.0,691000.0,695000.0,790000.0,960000.0,1125000.0,3226
559,Officer,342000.0,339000.0,375000.0,440000.0,480000.0,548000.0,540000.0,582000.0,650000.0,720000.0,Unknown
560,Officer South,,,,,283000.0,569500.0,714000.0,770000.0,726500.0,935000.0,3809
561,Olinda,496000.0,520000.0,553500.0,620000.0,705000.0,760000.0,746500.0,757500.0,1087500.0,938500.0,3788
562,Omeo,210000.0,190000.0,212500.0,150000.0,183000.0,183500.0,250000.0,238000.0,319500.0,345000.0,Unknown
563,Orbost,156000.0,150000.0,145000.0,162500.0,159000.0,165000.0,185500.0,220000.0,240000.0,315000.0,3888
564,Ormond,997500.0,1187500.0,1300000.0,1550000.0,1604500.0,1600000.0,1475000.0,1590000.0,1895000.0,1927500.0,3204
565,Osborne,530000.0,540500.0,580000.0,640000.0,735000.0,757000.0,777500.0,850500.0,1114000.0,1070000.0,3691
566,Ouyen,75000.0,77500.0,105500.0,130000.0,130000.0,93000.0,99000.0,121000.0,155500.0,135000.0,3490
567,Pakenham,335000.0,350000.0,367000.0,400000.0,470000.0,520000.0,485000.0,525000.0,600000.0,655000.0,Unknown
568,Paradise Beach,163500.0,178000.0,188500.0,200000.0,180000.0,199000.0,200000.0,248000.0,321500.0,407500.0,3851
569,Park Orchards,952500.0,1103000.0,1225000.0,1335000.0,1450000.0,1480000.0,1510000.0,1530000.0,1920000.0,2240000.0,3114
570,Parkdale,760000.0,860000.0,965000.0,1100000.0,1300000.0,1245000.0,1157500.0,1200500.0,1526500.0,1391500.0,3195
571,Parkville,1200000.0,1525000.0,1360500.0,2130000.0,2287500.0,2430000.0,1480000.0,1837500.0,2301500.0,2233000.0,3052
572,Pascoe Vale,580000.0,655000.0,720000.0,805000.0,891000.0,901000.0,855000.0,947500.0,1050000.0,1097500.0,Unknown
573,Pascoe Vale South,645500.0,701000.0,745000.0,840000.0,975000.0,955000.0,950000.0,1006000.0,1299500.0,1116000.0,3044
574,Patterson Gardens,620000.0,672000.0,739000.0,812000.0,885000.0,890000.0,920000.0,970000.0,1155000.0,1282500.0,Unknown
575,Patterson Lakes,645000.0,734000.0,787500.0,810000.0,1021500.0,1025000.0,924000.0,1100000.0,1317000.0,1287500.0,3197
576,Paynesville,283000.0,300000.0,302500.0,308000.0,336500.0,353000.0,340000.0,392500.0,465000.0,545000.0,3880
577,Pearcedale,385000.0,445000.0,470000.0,534000.0,607000.0,660000.0,660000.0,665000.0,775000.0,985000.0,3912
578,Penshurst,144000.0,132500.0,191000.0,152000.0,125000.0,165000.0,165000.0,175000.0,188500.0,237500.0,3289
579,Peterborough,287500.0,307500.0,296500.0,340000.0,315000.0,450000.0,419000.0,550000.0,660000.0,610000.0,3270
580,Pioneer Bay,200000.0,220000.0,240000.0,216000.0,271500.0,308000.0,310000.0,355000.0,354000.0,550000.0,3984
581,Plenty,773000.0,750000.0,915500.0,935000.0,1145000.0,1350000.0,1301000.0,1202500.0,1610000.0,1600000.0,Unknown
582,Point Cook,450000.0,445000.0,465000.0,505000.0,590000.0,630000.0,635000.0,664000.0,740000.0,740000.0,3030
583,Point Lonsdale,700000.0,707500.0,655000.0,641000.0,780000.0,840000.0,827500.0,880000.0,1300000.0,1485000.0,3225
584,Poowong,215000.0,218000.0,240000.0,325000.0,293000.0,315000.0,443000.0,412500.0,422500.0,495000.0,Unknown
585,Porepunkah,347000.0,285000.0,323000.0,330000.0,447000.0,464500.0,530000.0,615000.0,757500.0,1047500.0,3740
586,Port Albert,262500.0,190000.0,197500.0,218500.0,270000.0,240000.0,250000.0,315000.0,425000.0,523500.0,3971
587,Port Campbell,317500.0,285000.0,287500.0,335000.0,330000.0,395000.0,495000.0,473000.0,580000.0,800000.0,3269
588,Port Fairy,400000.0,425000.0,447500.0,473500.0,500000.0,651000.0,620000.0,670000.0,950000.0,1125000.0,3284
589,Port Melbourne,995000.0,917500.0,1252500.0,1380000.0,1485000.0,1488000.0,1400000.0,1595000.0,1805000.0,1617500.0,3207
590,Port Welshpool,201500.0,244000.0,200000.0,380000.0,247500.0,295000.0,315000.0,310000.0,447500.0,489000.0,3965
591,Portarlington,390000.0,414500.0,409000.0,460000.0,515000.0,640000.0,625000.0,690000.0,820000.0,954000.0,3223
592,Portland,235000.0,210000.0,220000.0,220000.0,230000.0,234500.0,266000.0,295000.0,369000.0,443500.0,Unknown
593,Portland North,300000.0,248000.0,330000.0,340000.0,360000.0,367500.0,276000.0,507000.0,470000.0,295000.0,3305
594,Portsea,1195000.0,1305000.0,1800000.0,1701000.0,1925000.0,2180000.0,1950000.0,2530000.0,3765000.0,4400000.0,3944
595,Prahran,990000.0,1175000.0,1350000.0,1430000.0,1525000.0,1578000.0,1520000.0,1650000.0,1830000.0,1750000.0,Unknown
596,Preston,632500.0,690000.0,791000.0,882000.0,996000.0,980000.0,940000.0,1030000.0,1250000.0,1252500.0,Unknown
597,Princes Hill,1216500.0,1210000.0,1280000.0,1555000.0,1767500.0,1650000.0,2035000.0,1600000.0,1992500.0,1582500.0,3054
598,Pyramid Hill,112500.0,117000.0,112500.0,112500.0,112500.0,100000.0,120000.0,117500.0,128000.0,200000.0,3575
599,Quarry Hill,385000.0,355000.0,377500.0,349000.0,362000.0,407500.0,395000.0,430000.0,535500.0,585000.0,3550
600,Queenscliff,630000.0,695000.0,700000.0,795000.0,763000.0,950000.0,950000.0,969000.0,1372000.0,1870000.0,3225
601,Rainbow,62000.0,77000.0,68000.0,59500.0,82500.0,99000.0,75000.0,82000.0,112000.0,142500.0,3424
602,Rawson,160500.0,100000.0,147000.0,151000.0,146500.0,164000.0,156000.0,217500.0,330000.0,290000.0,3825
603,Raymond Island,297500.0,280000.0,285000.0,330000.0,289500.0,360000.0,300000.0,416500.0,450000.0,434500.0,3880
604,Red Cliffs,163000.0,153000.0,175000.0,165000.0,223500.0,211500.0,217500.0,270000.0,311000.0,325000.0,3496
605,Redan,250000.0,245000.0,246500.0,255000.0,287500.0,330000.0,357000.0,387500.0,455000.0,509000.0,3350
606,Research,605500.0,685000.0,686000.0,825500.0,950000.0,915000.0,937500.0,1178000.0,1175500.0,1090000.0,3095
607,Reservoir,510000.0,541000.0,615000.0,710000.0,812500.0,790000.0,754000.0,795500.0,940000.0,966000.0,3073
608,Rhyll,393000.0,482000.0,402000.0,460000.0,527500.0,657500.0,565000.0,579000.0,781500.0,935000.0,3923
609,Richmond,900000.0,961000.0,1150000.0,1265000.0,1302500.0,1312000.0,1260000.0,1365000.0,1480000.0,1385000.0,Unknown
610,Riddells Creek,450000.0,417500.0,456500.0,500000.0,580000.0,675000.0,702500.0,680000.0,880000.0,962500.0,3431
611,Ringwood,551000.0,660000.0,777500.0,837500.0,910500.0,896500.0,801000.0,900000.0,1018000.0,1032500.0,Unknown
612,Ringwood East,547000.0,612000.0,750000.0,806000.0,901000.0,881000.0,809000.0,866000.0,1050000.0,1075000.0,3135
613,Ringwood North,631000.0,662000.0,783500.0,844000.0,960500.0,920000.0,871000.0,957500.0,1183000.0,1130000.0,3134
614,Rippleside,585000.0,530000.0,644000.0,739000.0,725000.0,750000.0,825000.0,862000.0,1090000.0,910000.0,3215
615,Ripponlea,985000.0,1000000.0,1360000.0,1700000.0,1787500.0,1564000.0,1350000.0,2001000.0,1892500.0,1650000.0,3185
616,Robinvale,151500.0,160000.0,184500.0,170000.0,197000.0,220000.0,231500.0,235000.0,340000.0,402500.0,Unknown
617,Rochester,189500.0,215000.0,235000.0,239000.0,242500.0,236000.0,255000.0,237000.0,350000.0,385000.0,3561
618,Rockbank,309000.0,280000.0,300000.0,347000.0,455000.0,500000.0,497000.0,465000.0,565000.0,602500.0,3335
619,Romsey,387500.0,396000.0,420000.0,428000.0,470000.0,550000.0,580500.0,630000.0,780000.0,772500.0,3434
620,Rosanna,717500.0,781500.0,905000.0,980000.0,1175000.0,1100000.0,1032500.0,1122500.0,1372000.0,1250000.0,3084
621,Rosebud,367000.0,365000.0,389000.0,445000.0,536000.0,590000.0,550000.0,595000.0,780000.0,832500.0,Unknown
622,Rosebud South,425000.0,500000.0,515000.0,545000.0,647500.0,711500.0,697000.0,658500.0,949500.0,1275000.0,Unknown
623,Rosedale,215000.0,215000.0,197000.0,230000.0,247000.0,280000.0,247000.0,252000.0,367500.0,420000.0,3847
624,Rowville,570000.0,617500.0,710000.0,778000.0,867000.0,838000.0,820000.0,838000.0,1005000.0,1075000.0,3178
625,Roxburgh Park,365000.0,385000.0,400000.0,435000.0,515000.0,546000.0,543000.0,572500.0,615000.0,645000.0,3064
626,Rupanyup,75000.0,105000.0,53500.0,75000.0,63500.0,87000.0,100500.0,90000.0,118000.0,220000.0,3388
627,Rushworth,161000.0,158000.0,177000.0,200000.0,192500.0,198000.0,205000.0,226000.0,301000.0,365000.0,3612
628,Rutherglen,232000.0,195000.0,230000.0,255000.0,262000.0,270000.0,282500.0,350000.0,402500.0,490000.0,3685
629,Rye,425000.0,460000.0,488000.0,550000.0,658000.0,705000.0,690000.0,793500.0,1100000.0,1225000.0,3941
630,Safety Beach,515000.0,516500.0,595000.0,665000.0,780000.0,825000.0,810000.0,895000.0,1117000.0,1420000.0,3936
631,Sailors Gully,253000.0,262500.0,235000.0,225000.0,232000.0,290000.0,280000.0,300000.0,390000.0,470000.0,3556
632,Sale,290000.0,300000.0,298000.0,295500.0,300000.0,309500.0,325000.0,345000.0,399500.0,515000.0,Unknown
633,San Remo,410000.0,407000.0,420000.0,460000.0,497000.0,515000.0,554500.0,597500.0,850000.0,907500.0,3925
634,Sanctuary Lakes,480000.0,485000.0,570000.0,503000.0,629000.0,627500.0,625000.0,653500.0,710000.0,730000.0,Unknown
635,Sandhurst,545000.0,549000.0,617500.0,678500.0,730000.0,837500.0,812500.0,780000.0,950000.0,966000.0,Unknown
636,Sandringham,1210000.0,1305000.0,1490000.0,1760000.0,1862500.0,1850000.0,1665000.0,1847000.0,2364000.0,2432500.0,3191
637,Sandy Point,352500.0,380000.0,370000.0,359000.0,407500.0,410000.0,410000.0,517500.0,755000.0,820000.0,3959
638,Sassafras,632500.0,556000.0,562000.0,653500.0,775500.0,750000.0,805000.0,770000.0,860000.0,973500.0,Unknown
639,Sawmill Settlement,259000.0,205500.0,233000.0,350000.0,270000.0,285000.0,441000.0,400000.0,560000.0,565000.0,3723
640,Scoresby,509000.0,570000.0,661000.0,700000.0,878500.0,835000.0,767000.0,785000.0,955000.0,982500.0,3179
641,Sea Lake,80000.0,75000.0,90000.0,75000.0,70000.0,110000.0,100000.0,106500.0,121500.0,160000.0,3533
642,Seabrook,422500.0,402500.0,456000.0,509000.0,635000.0,672500.0,626500.0,652500.0,730000.0,780000.0,3028
643,Seaford,419000.0,450000.0,475000.0,580500.0,700000.0,695000.0,655000.0,700000.0,850000.0,915000.0,3198
644,Seaholme,641000.0,670000.0,802500.0,872500.0,1157500.0,1015000.0,1020000.0,937500.0,1222000.0,1220000.0,3018
645,Seaspray,152000.0,164000.0,240000.0,175000.0,215000.0,210000.0,265000.0,260000.0,334000.0,390000.0,3851
646,Sebastopol,242000.0,235500.0,244500.0,247500.0,256000.0,289500.0,315000.0,341000.0,420000.0,457000.0,3356
647,Seddon,675000.0,730000.0,830000.0,934500.0,982500.0,1018500.0,960000.0,1064500.0,1225000.0,971000.0,Unknown
648,Selby,420000.0,420000.0,469500.0,527500.0,600000.0,637500.0,601500.0,720000.0,904500.0,820000.0,3159
649,Seville,400000.0,397500.0,450000.0,511500.0,611500.0,634500.0,620000.0,626000.0,770000.0,810000.0,Unknown
650,Seville East,339500.0,350000.0,395000.0,440000.0,482500.0,551500.0,580000.0,600000.0,720000.0,,3139
651,Seymour,220000.0,213000.0,225000.0,242500.0,277000.0,295000.0,300000.0,325000.0,390000.0,420000.0,Unknown
652,Shepparton,247000.0,243000.0,250000.0,265000.0,261000.0,275000.0,282000.0,310000.0,370000.0,405000.0,Unknown
653,Shepparton North,346000.0,375000.0,348000.0,361000.0,347000.0,334000.0,393000.0,379000.0,425000.0,654000.0,3631
654,Shoreham,607000.0,620000.0,903000.0,868500.0,970000.0,1160000.0,1400000.0,1077000.0,1767500.0,1155000.0,3916
655,Silverleaves,508000.0,460500.0,484000.0,446500.0,515000.0,721000.0,618500.0,775000.0,982000.0,2195000.0,3922
656,Skenes Creek,465000.0,435000.0,491500.0,520000.0,517000.0,580000.0,667500.0,815000.0,952500.0,850000.0,Unknown
657,Skipton,155000.0,117500.0,137000.0,169000.0,187500.0,159500.0,200000.0,219500.0,270000.0,352500.0,3361
658,Skye,395000.0,413000.0,430000.0,479000.0,570000.0,611000.0,597500.0,610000.0,745000.0,812500.0,3977
659,Smiths Beach,372500.0,390000.0,455000.0,470000.0,458500.0,589000.0,624500.0,695000.0,837000.0,976500.0,3922
660,Smythes Creek,,380000.0,380000.0,380000.0,380000.0,426500.0,430000.0,440500.0,500000.0,575000.0,3351
661,Smythesdale,260000.0,207500.0,225000.0,250000.0,315000.0,290000.0,342500.0,475000.0,522500.0,,3351
662,Soldiers Hill,283000.0,341000.0,310000.0,374000.0,423500.0,447500.0,480000.0,557500.0,569000.0,655000.0,3350
663,Somers,657500.0,755000.0,696500.0,755500.0,820000.0,888500.0,950000.0,980000.0,1700000.0,1850000.0,3927
664,Somerville,385000.0,395000.0,425000.0,465000.0,580000.0,615000.0,600000.0,640000.0,780000.0,900000.0,3912
665,Sorrento,770000.0,795000.0,859000.0,1130000.0,1300000.0,1380000.0,1470000.0,1665000.0,2200000.0,2426500.0,3943
666,South Dudley,192000.0,200500.0,221500.0,256000.0,233500.0,270000.0,339000.0,330000.0,445000.0,522000.0,3995
667,South Geelong,420500.0,470000.0,425000.0,495000.0,650000.0,676000.0,702500.0,835000.0,1000000.0,1070000.0,3220
668,South Kingsville,619500.0,671000.0,742000.0,903000.0,980000.0,1000000.0,859000.0,992000.0,1100000.0,1140000.0,3015
669,South Melbourne,1030000.0,1200000.0,1310000.0,1595000.0,1532500.0,1465000.0,1355000.0,1580000.0,1690000.0,1812500.0,3205
670,South Morang,415000.0,420000.0,450000.0,502000.0,610500.0,634000.0,625500.0,640000.0,730000.0,755000.0,3752
671,South Yarra,1352500.0,1450000.0,1700000.0,1890000.0,2035000.0,1851000.0,1850000.0,2010000.0,2217500.0,1650000.0,Unknown
672,Spotswood,680000.0,640000.0,795000.0,917500.0,1027500.0,1080000.0,950000.0,1000000.0,1220000.0,1380000.0,3015
673,Spring Gully,345000.0,350000.0,350000.0,350000.0,390000.0,400000.0,386500.0,440000.0,552500.0,700000.0,3550
674,Springvale,451500.0,530000.0,629500.0,685000.0,750000.0,780000.0,746500.0,785000.0,853000.0,925000.0,Unknown
675,Springvale South,430000.0,475000.0,562000.0,630000.0,720000.0,720000.0,679000.0,725000.0,800000.0,800000.0,3172
676,St Albans,350000.0,373500.0,428000.0,500000.0,610000.0,626500.0,591000.0,600000.0,685000.0,702500.0,Unknown
677,St Albans Park,335000.0,330000.0,329000.0,331000.0,379000.0,450000.0,422000.0,455000.0,600000.0,622500.0,3219
678,St Andrews Beach,480000.0,495000.0,560000.0,695000.0,855000.0,902500.0,930000.0,1207500.0,1710000.0,1595000.0,3941
679,St Arnaud,140000.0,145000.0,141000.0,142500.0,145000.0,145000.0,175000.0,170000.0,225000.0,255000.0,Unknown
680,St Helena,612500.0,623000.0,711000.0,800000.0,893500.0,910000.0,905000.0,930000.0,1137500.0,,3088
681,St Kilda,892000.0,1225000.0,1164000.0,1305000.0,1551000.0,1755000.0,1600000.0,1330000.0,1662500.0,1515000.0,Unknown
682,St Kilda East,1050500.0,1037500.0,1382500.0,1677500.0,1460000.0,1620000.0,1560500.0,1650000.0,1828000.0,1200000.0,3183
683,St Kilda West,1142500.0,2235000.0,2013000.0,1797000.0,2380000.0,1942500.0,2465000.0,2630000.0,2750000.0,,3182
684,St Leonards,350000.0,357000.0,375000.0,421500.0,469000.0,571500.0,562500.0,572000.0,702000.0,786000.0,3223
685,Stanhope,150000.0,131000.0,152500.0,147000.0,181000.0,161500.0,187500.0,201500.0,255000.0,222500.0,Unknown
686,Stawell,162500.0,172500.0,177000.0,177000.0,188000.0,190000.0,189000.0,226000.0,290000.0,321500.0,Unknown
687,Stratford,230000.0,261500.0,260500.0,272500.0,265000.0,258000.0,316500.0,320000.0,397500.0,463500.0,3862
688,Strathdale,392500.0,380000.0,410500.0,445000.0,380000.0,420000.0,451000.0,507000.0,645000.0,677500.0,3550
689,Strathfieldsaye,377000.0,397500.0,408000.0,425000.0,455000.0,444000.0,476500.0,535000.0,640000.0,710000.0,3551
690,Strathmerton,166000.0,172500.0,190000.0,182500.0,140000.0,187500.0,195000.0,205000.0,265000.0,259000.0,3641
691,Strathmore,827500.0,865000.0,997500.0,1140000.0,1230000.0,1357500.0,1310000.0,1360000.0,1570000.0,1342500.0,Unknown
692,Strathmore Heights,621000.0,640000.0,700000.0,808000.0,970000.0,885000.0,800000.0,835000.0,962500.0,1137500.0,3041
693,Strathtulloh,350000.0,440000.0,425000.0,430000.0,359000.0,425000.0,507500.0,522500.0,590000.0,642500.0,3338
694,Studfield,532500.0,617500.0,785000.0,853000.0,957500.0,906000.0,811000.0,836000.0,1036500.0,1001000.0,3152
695,Sunbury,355000.0,360000.0,370000.0,395000.0,492000.0,545000.0,533500.0,572000.0,646500.0,655000.0,3429
696,Sunderland Bay,324500.0,333000.0,287000.0,360000.0,357500.0,455000.0,413500.0,525000.0,717000.0,1037500.0,3922
697,Sunnycliffs,195000.0,280000.0,185000.0,220000.0,228000.0,218000.0,229500.0,230000.0,325000.0,277500.0,3496
698,Sunset Strip,301500.0,310000.0,301500.0,340000.0,345000.0,390000.0,460000.0,511000.0,602500.0,835000.0,3922
699,Sunshine,435000.0,483500.0,530500.0,675000.0,765000.0,748500.0,715000.0,750000.0,870000.0,945000.0,Unknown
700,Sunshine North,400000.0,425500.0,495000.0,560000.0,653000.0,663000.0,635000.0,675000.0,720500.0,734500.0,3020
701,Sunshine West,384500.0,395000.0,450000.0,520000.0,639500.0,635000.0,635000.0,657000.0,745000.0,780000.0,3020
702,Surf Beach,375000.0,360000.0,355000.0,414000.0,425000.0,480000.0,525000.0,559000.0,700000.0,772500.0,3922
703,Surrey Hills,1323000.0,1450000.0,1750000.0,1800500.0,2170000.0,1900000.0,1890000.0,1880000.0,2310000.0,2156000.0,Unknown
704,Swan Hill,225000.0,230000.0,248000.0,262500.0,252000.0,267000.0,285000.0,319000.0,360000.0,354500.0,Unknown
705,Swan Reach,230000.0,276000.0,331000.0,455000.0,350000.0,370000.0,450000.0,430000.0,562000.0,764500.0,3903
706,Sydenham,425000.0,415000.0,440000.0,505000.0,590000.0,620000.0,599500.0,635000.0,706000.0,675000.0,3037
707,Syndal,950500.0,1160000.0,1505000.0,1410000.0,1585000.0,1530000.0,1499000.0,1570000.0,1768000.0,2550000.0,3149
708,Tallangatta,154000.0,200000.0,233000.0,216000.0,275000.0,245000.0,257500.0,280000.0,350000.0,432000.0,Unknown
709,Tarneit,371000.0,395000.0,400000.0,445000.0,515000.0,570000.0,555000.0,568000.0,600000.0,645000.0,3029
710,Tatura,230000.0,237500.0,233000.0,228000.0,262000.0,250000.0,276500.0,303500.0,355000.0,385000.0,Unknown
711,Tawonga,310000.0,375000.0,235000.0,275000.0,265000.0,354000.0,460000.0,407500.0,459000.0,615000.0,Unknown
712,Tawonga South,219500.0,235000.0,257500.0,298000.0,254000.0,310000.0,422500.0,380000.0,550000.0,664000.0,3698
713,Taylors Hill,487500.0,510000.0,530000.0,600000.0,686000.0,723000.0,702000.0,754000.0,840000.0,821500.0,3037
714,Taylors Lakes,490000.0,510000.0,561500.0,635000.0,720000.0,763500.0,750000.0,777500.0,880000.0,908500.0,3038
715,Tecoma,415000.0,478000.0,510000.0,601500.0,709000.0,700000.0,662500.0,742500.0,920000.0,929000.0,3160
716,Templestowe,865000.0,951500.0,1180000.0,1260000.0,1415000.0,1308000.0,1292500.0,1381500.0,1602500.0,1644000.0,Unknown
717,Templestowe Lower,750000.0,830000.0,1060000.0,1105500.0,1302000.0,1150000.0,1080000.0,1186000.0,1430000.0,1624000.0,3107
718,Terang,161500.0,195000.0,206500.0,150000.0,188500.0,194000.0,188500.0,232500.0,307500.0,330000.0,3264
719,The Basin,430000.0,463500.0,550000.0,595000.0,610000.0,682500.0,695000.0,739000.0,872000.0,837500.0,3154
720,The Honeysuckles,214000.0,190000.0,160000.0,237000.0,265000.0,290000.0,336000.0,315000.0,477500.0,502500.0,3851
721,The Patch,393500.0,486500.0,505000.0,570500.0,665000.0,730000.0,755000.0,760000.0,882500.0,807500.0,3792
722,Thomastown,390000.0,420000.0,436000.0,493000.0,653000.0,636000.0,592000.0,621000.0,720000.0,742000.0,3074
723,Thomson (Greater Geelong),282000.0,290000.0,290000.0,308500.0,365000.0,411000.0,400500.0,435000.0,585000.0,607000.0,Unknown
724,Thornbury,729000.0,840000.0,918000.0,1079500.0,1225000.0,1137500.0,1150000.0,1250000.0,1490000.0,1462500.0,3071
725,Thornhill Park,,,,441000.0,447000.0,578000.0,535000.0,540000.0,585000.0,600000.0,3335
726,Timboon,184000.0,210000.0,240000.0,215000.0,220000.0,247000.0,260000.0,412500.0,425000.0,460000.0,Unknown
727,Tongala,185000.0,179000.0,165000.0,204000.0,200000.0,275000.0,234500.0,236500.0,305000.0,423000.0,3621
728,Toongabbie,234000.0,261500.0,235000.0,315000.0,286500.0,280500.0,315500.0,320000.0,445000.0,525000.0,3856
729,Toora,171500.0,155000.0,230000.0,195000.0,190000.0,241500.0,275000.0,300000.0,430000.0,610000.0,Unknown
730,Tooradin,420000.0,480000.0,471000.0,411000.0,599000.0,702000.0,700000.0,755000.0,800000.0,684500.0,3980
731,Toorak,2875000.0,3391000.0,3987500.0,4900000.0,5100000.0,4700000.0,4550000.0,5500000.0,5925000.0,4555000.0,3142
732,Tootgarook,387000.0,402500.0,405000.0,460000.0,591000.0,600500.0,586000.0,671000.0,874000.0,980000.0,3941
733,Torquay,580000.0,580000.0,620000.0,665000.0,720000.0,810000.0,815000.0,860000.0,1200000.0,1315000.0,3228
734,Trafalgar,283000.0,311000.0,310000.0,312500.0,333500.0,375000.0,396500.0,435000.0,485000.0,535000.0,Unknown
735,Traralgon,269000.0,275000.0,273000.0,268000.0,288500.0,298000.0,326500.0,340000.0,408000.0,465000.0,Unknown
736,Traralgon East,435000.0,440000.0,432500.0,445000.0,455000.0,425000.0,470000.0,501500.0,640000.0,592500.0,3844
737,Travancore,905000.0,848000.0,1100000.0,1305000.0,1415000.0,1475000.0,1125000.0,1617500.0,1800000.0,,3032
738,Trentham,407500.0,340000.0,422500.0,455000.0,475000.0,603000.0,614000.0,620000.0,820000.0,950000.0,Unknown
739,Truganina,360000.0,390000.0,391000.0,430000.0,519500.0,571500.0,575000.0,580000.0,618000.0,655000.0,3029
740,Tullamarine,395000.0,412000.0,472500.0,530000.0,655000.0,665500.0,612000.0,640000.0,757500.0,845000.0,3043
741,Tyabb,370500.0,366000.0,395000.0,430000.0,510500.0,548000.0,586500.0,590000.0,736000.0,827500.0,3913
742,Underbool,85000.0,75000.0,25000.0,62500.0,60000.0,62500.0,39000.0,62000.0,99000.0,,3509
743,Upper Ferntree Gully,435000.0,500000.0,515000.0,582000.0,685000.0,700000.0,642500.0,735000.0,858000.0,885000.0,3156
744,Upwey,425000.0,476000.0,515000.0,585000.0,680000.0,710000.0,702500.0,760500.0,899000.0,865000.0,3158
745,Ventnor,370000.0,377500.0,423500.0,420000.0,465000.0,490000.0,540000.0,619500.0,770000.0,840000.0,3922
746,Venus Bay,242500.0,237000.0,236000.0,258000.0,262500.0,305000.0,330000.0,375000.0,574500.0,659000.0,3956
747,Vermont,610000.0,725000.0,855000.0,900000.0,1065000.0,980000.0,935500.0,1000000.0,1226500.0,1255000.0,Unknown
748,Vermont South,722500.0,815000.0,1000000.0,1082500.0,1200500.0,1150000.0,1165000.0,1200000.0,1420000.0,1451000.0,3133
749,Viewbank,630000.0,725000.0,829500.0,920000.0,1000000.0,933000.0,920000.0,985000.0,1233000.0,1215000.0,3084
750,Violet Town,215000.0,199500.0,200000.0,238500.0,217000.0,242500.0,287500.0,328500.0,381500.0,317500.0,3669
751,Wahgunyah,190000.0,213500.0,267000.0,290000.0,270000.0,240000.0,355000.0,320000.0,387000.0,349500.0,3687
752,Walkerville,279000.0,230000.0,246000.0,283500.0,275000.0,266500.0,334500.0,350000.0,461000.0,567000.0,Unknown
753,Wallan,341500.0,356000.0,362000.0,375000.0,425000.0,490000.0,480000.0,520000.0,580000.0,625000.0,3756
754,Wallan East,310000.0,306500.0,309500.0,352500.0,410000.0,502000.0,450000.0,490000.0,583500.0,611000.0,Unknown
755,Wandana Heights,540000.0,582000.0,590000.0,592500.0,645000.0,700000.0,766500.0,827000.0,925000.0,1030000.0,3216
756,Wandin North,407500.0,439500.0,480000.0,496500.0,665000.0,665000.0,630000.0,715000.0,765000.0,900000.0,3139
757,Wangaratta,240000.0,255000.0,272000.0,270500.0,270000.0,320000.0,319000.0,356500.0,425000.0,530000.0,Unknown
758,Wantirna,576000.0,667500.0,764000.0,801000.0,953000.0,906500.0,850000.0,910000.0,1065000.0,1105000.0,Unknown
759,Wantirna South,579000.0,676500.0,829000.0,875000.0,1005000.0,1000000.0,988500.0,1015000.0,1222000.0,1336000.0,3152
760,Warburton,310000.0,315000.0,325000.0,366000.0,418000.0,495000.0,512500.0,543000.0,675000.0,825000.0,Unknown
761,Warneet,337000.0,355000.0,395000.0,390000.0,485000.0,534000.0,512500.0,600000.0,666000.0,,3980
762,Warracknabeal,107500.0,110000.0,110000.0,123500.0,113000.0,112500.0,118000.0,140000.0,180000.0,214500.0,3393
763,Warragul,315000.0,320000.0,342000.0,340000.0,365000.0,449000.0,460000.0,497500.0,580000.0,648000.0,Unknown
764,Warrandyte,640000.0,760000.0,829000.0,890000.0,1042500.0,1110000.0,994000.0,996000.0,1285000.0,1320000.0,Unknown
765,Warranwood,603000.0,665000.0,790000.0,865000.0,943500.0,1010000.0,935000.0,957000.0,1145000.0,1323000.0,3134
766,Warrnambool,325000.0,323000.0,330000.0,320000.0,330000.0,350000.0,370000.0,415000.0,520000.0,587500.0,3280
767,Waterways,667000.0,845000.0,902000.0,1050000.0,1127500.0,1110000.0,1270000.0,1408000.0,1445000.0,1270500.0,3195
768,Watsonia,505000.0,555000.0,607500.0,698000.0,835000.0,795000.0,736000.0,790000.0,961000.0,950000.0,Unknown
769,Watsonia North,510000.0,572500.0,635000.0,702500.0,790000.0,770000.0,726500.0,795000.0,962500.0,980500.0,3087
770,Wattle Glen,475000.0,500500.0,569000.0,580000.0,620000.0,810000.0,778500.0,810000.0,924000.0,895000.0,3096
771,Waurn Ponds,446500.0,470000.0,480000.0,501000.0,530000.0,621500.0,641500.0,671000.0,727500.0,807500.0,3216
772,Wedderburn,154000.0,137500.0,110000.0,150000.0,155000.0,130000.0,138500.0,150000.0,176500.0,325000.0,Unknown
773,Weir Views,327500.0,388000.0,389000.0,418000.0,440000.0,470000.0,465000.0,495500.0,530000.0,593500.0,3338
774,Welshpool,166000.0,193000.0,272500.0,180000.0,230000.0,259000.0,300000.0,242500.0,380000.0,400000.0,Unknown
775,Wendouree,243000.0,247000.0,250000.0,252500.0,267500.0,326000.0,335000.0,370000.0,465000.0,495000.0,Unknown
776,Wendouree West,190000.0,165000.0,207500.0,185000.0,200000.0,245000.0,259000.0,300000.0,380000.0,420000.0,Unknown
777,Werribee,309000.0,315000.0,335000.0,403000.0,470000.0,510000.0,500000.0,513000.0,575000.0,620500.0,Unknown
778,Werribee South,538000.0,585000.0,680000.0,540000.0,650000.0,735000.0,744500.0,650000.0,822500.0,685000.0,3030
779,Wesburn,312500.0,288500.0,395000.0,455000.0,455000.0,463500.0,530000.0,532000.0,665000.0,700000.0,3799
780,West Bendigo,259000.0,355000.0,293500.0,270000.0,215000.0,269500.0,241500.0,363500.0,575000.0,,3550
781,West Footscray,553000.0,637500.0,697000.0,798000.0,887500.0,875000.0,785000.0,835000.0,1000000.0,1100000.0,3012
782,West Melbourne,905000.0,916000.0,1005000.0,1104500.0,1350000.0,1370000.0,1017500.0,1215000.0,1260000.0,1166000.0,3003
783,West Wodonga,272500.0,296000.0,306000.0,308500.0,321000.0,322000.0,342500.0,370000.0,429000.0,475000.0,3690
784,Westall,513500.0,550000.0,610000.0,696000.0,780000.0,800000.0,744500.0,739000.0,851000.0,905000.0,Unknown
785,Westgarth,920000.0,1100000.0,1300000.0,1500000.0,1383000.0,1707500.0,1492500.0,1566000.0,2075000.0,1915000.0,Unknown
786,Westmeadows,386500.0,419000.0,470000.0,500000.0,566000.0,620000.0,620000.0,605500.0,715500.0,650000.0,3049
787,Wheelers Hill,740000.0,805000.0,999000.0,1050000.0,1160000.0,1118500.0,1010000.0,1173500.0,1371000.0,1458000.0,3150
788,White Hills,280000.0,306000.0,297500.0,305000.0,300000.0,313500.0,330000.0,355000.0,470000.0,515000.0,3550
789,Whittington,259000.0,262000.0,280000.0,265000.0,316500.0,395000.0,377500.0,404000.0,485000.0,583000.0,3219
790,Whittlesea,375000.0,375000.0,400000.0,448500.0,469500.0,577500.0,580000.0,610000.0,675000.0,797500.0,3757
791,Williams Landing,470000.0,450000.0,510000.0,530000.0,600000.0,685000.0,657000.0,680000.0,760000.0,802500.0,3027
792,Williamstown,920000.0,970000.0,1120000.0,1282500.0,1440000.0,1415000.0,1350000.0,1402500.0,1635500.0,1575500.0,Unknown
793,Williamstown North,768000.0,803500.0,862500.0,1135500.0,1024000.0,847000.0,950000.0,905000.0,1250000.0,1610000.0,3016
794,Wimbledon Heights,271500.0,310000.0,291500.0,299000.0,334000.0,410000.0,386500.0,435000.0,592000.0,700000.0,3922
795,Winchelsea,287000.0,287500.0,262000.0,267000.0,357000.0,391000.0,430000.0,480000.0,552500.0,593000.0,Unknown
796,Windsor,835000.0,956500.0,1094000.0,1505000.0,1420000.0,1422500.0,1350000.0,1350000.0,1640000.0,1863000.0,3181
797,Winter Valley,344500.0,360000.0,365000.0,362500.0,375000.0,405000.0,435000.0,470000.0,575000.0,601000.0,3358
798,Wodonga,282500.0,295000.0,295000.0,315000.0,341500.0,350000.0,331000.0,348000.0,440000.0,490000.0,Unknown
799,Wollert,400000.0,395000.0,432000.0,460000.0,520000.0,538000.0,570000.0,575000.0,640000.0,705000.0,3750
800,Wonga Park,674500.0,673500.0,735000.0,801000.0,962500.0,1150000.0,1111000.0,1077500.0,1230000.0,1410000.0,3115
801,Wonthaggi,225000.0,251000.0,262000.0,265000.0,289000.0,339000.0,375000.0,405000.0,550000.0,547500.0,Unknown
802,Woodend,470000.0,460000.0,482500.0,460000.0,560000.0,665000.0,747500.0,765000.0,895000.0,937500.0,Unknown
803,Woolamai Waters,349000.0,381500.0,340000.0,375000.0,418000.0,469500.0,495500.0,560000.0,766500.0,818000.0,Unknown
804,Woori Yallock,330000.0,317000.0,358000.0,391500.0,480000.0,520000.0,510000.0,552000.0,635000.0,615500.0,3139
805,Wurruk,285000.0,222000.0,230000.0,259500.0,235000.0,310000.0,210000.0,267000.0,352500.0,436500.0,3850
806,Wy Yung,285000.0,285000.0,290000.0,333500.0,328000.0,315000.0,349000.0,370000.0,453000.0,395000.0,3875
807,Wycheproof,95000.0,103000.0,100000.0,82500.0,100000.0,124500.0,141500.0,131000.0,170000.0,185000.0,Unknown
808,Wyndham Vale,288000.0,306000.0,325000.0,365000.0,435500.0,474000.0,460500.0,480000.0,530000.0,575000.0,3024
809,Yackandandah,327500.0,318000.0,300000.0,392500.0,446000.0,472500.0,497500.0,490000.0,669000.0,780000.0,3749
810,Yallambie,532500.0,580000.0,665000.0,713500.0,781000.0,810000.0,792500.0,832500.0,990000.0,910000.0,3085
811,Yallourn North,135000.0,149500.0,153000.0,165500.0,180000.0,172000.0,191000.0,206000.0,263000.0,302500.0,3825
812,Yarra Glen,420000.0,460000.0,530000.0,540000.0,620000.0,670000.0,670000.0,732500.0,850500.0,765000.0,3775
813,Yarra Junction,406500.0,357500.0,417500.0,422500.0,535000.0,562500.0,582500.0,595000.0,687000.0,765000.0,3797
814,Yarragon,258000.0,297000.0,284000.0,300000.0,280000.0,390000.0,410000.0,414000.0,565000.0,595000.0,Unknown
815,Yarram,190000.0,202500.0,245000.0,230000.0,225000.0,218000.0,240000.0,260000.0,360000.0,452500.0,Unknown
816,Yarraville,696000.0,710000.0,810000.0,900500.0,1000000.0,1045000.0,971000.0,1030000.0,1185000.0,1350000.0,Unknown
817,Yarrawonga,302500.0,297000.0,300500.0,320000.0,324500.0,345000.0,375000.0,456500.0,560000.0,695000.0,Unknown
818,Yea,260000.0,255000.0,260000.0,305000.0,385000.0,390000.0,435500.0,422500.0,560000.0,610000.0,Unknown
819,Yinnar,220000.0,240000.0,182500.0,230000.0,270000.0,245000.0,255000.0,292500.0,460000.0,562500.0,Unknown
